id,homeAbbrev,awayAbbrev,est
2014020001,TOR,MTL,2014 October 08 19:00:00
2014020002,BOS,PHI,2014 October 08 19:30:00
2014020003,CGY,VAN,2014 October 08 22:00:00
2014020004,LAK,SJS,2014 October 08 22:00:00
2014020005,BUF,CBJ,2014 October 09 19:00:00
2014020006,PHI,NJD,2014 October 09 19:00:00
2014020007,PIT,ANA,2014 October 09 19:00:00
2014020008,WSH,MTL,2014 October 09 19:00:00
2014020009,DET,BOS,2014 October 09 19:30:00
2014020010,TBL,FLA,2014 October 09 19:30:00
2014020011,STL,NYR,2014 October 09 20:00:00
2014020012,NSH,OTT,2014 October 09 20:00:00
2014020013,DAL,CHI,2014 October 09 20:30:00
2014020014,MIN,COL,2014 October 09 21:00:00
2014020015,EDM,CGY,2014 October 09 21:30:00
2014020016,ARI,WPG,2014 October 09 22:00:00
2014020017,CAR,NYI,2014 October 10 19:00:00
2014020018,BOS,WSH,2014 October 11 19:00:00
2014020019,TOR,PIT,2014 October 11 19:00:00
2014020020,DET,ANA,2014 October 11 19:00:00
2014020021,TBL,OTT,2014 October 11 19:00:00
2014020022,FLA,NJD,2014 October 11 19:00:00
2014020023,NYI,CAR,2014 October 11 19:00:00
2014020024,PHI,MTL,2014 October 11 19:00:00
2014020025,CBJ,NYR,2014 October 11 19:00:00
2014020026,STL,CGY,2014 October 11 19:00:00
2014020027,NSH,DAL,2014 October 11 20:00:00
2014020028,CHI,BUF,2014 October 11 20:30:00
2014020029,COL,MIN,2014 October 11 21:00:00
2014020030,ARI,LAK,2014 October 11 21:00:00
2014020031,VAN,EDM,2014 October 11 22:00:00
2014020032,SJS,WPG,2014 October 11 22:00:00
2014020033,NYR,TOR,2014 October 12 19:00:00
2014020034,LAK,WPG,2014 October 12 22:00:00
2014020035,BOS,COL,2014 October 13 13:00:00
2014020036,BUF,ANA,2014 October 13 15:00:00
2014020037,FLA,OTT,2014 October 13 19:30:00
2014020038,NYR,NYI,2014 October 14 19:00:00
2014020039,PHI,ANA,2014 October 14 19:00:00
2014020040,WSH,SJS,2014 October 14 19:00:00
2014020041,CAR,BUF,2014 October 14 19:30:00
2014020042,CBJ,DAL,2014 October 14 19:00:00
2014020043,TOR,COL,2014 October 14 19:30:00
2014020044,TBL,NJD,2014 October 14 19:30:00
2014020045,NSH,CGY,2014 October 14 20:00:00
2014020046,LAK,EDM,2014 October 14 22:30:00
2014020047,DET,BOS,2014 October 15 20:00:00
2014020048,CHI,CGY,2014 October 15 20:00:00
2014020049,ARI,EDM,2014 October 15 22:30:00
2014020050,NYI,SJS,2014 October 16 19:00:00
2014020051,PIT,DAL,2014 October 16 19:00:00
2014020052,WSH,NJD,2014 October 16 19:00:00
2014020053,MTL,BOS,2014 October 16 19:30:00
2014020054,OTT,COL,2014 October 16 19:30:00
2014020055,LAK,STL,2014 October 16 22:30:00
2014020056,BUF,FLA,2014 October 17 19:00:00
2014020057,NYR,CAR,2014 October 16 19:00:00
2014020058,CBJ,CGY,2014 October 17 19:00:00
2014020059,TOR,DET,2014 October 17 19:30:00
2014020060,WPG,NSH,2014 October 17 20:00:00
2014020061,EDM,VAN,2014 October 17 21:30:00
2014020062,ANA,MIN,2014 October 17 22:00:00
2014020063,BUF,BOS,2014 October 18 19:00:00
2014020064,MTL,COL,2014 October 18 19:00:00
2014020065,OTT,CBJ,2014 October 18 19:00:00
2014020066,DET,TOR,2014 October 18 19:00:00
2014020067,NJD,SJS,2014 October 18 19:00:00
2014020068,PIT,NYI,2014 October 18 19:00:00
2014020069,WSH,FLA,2014 October 18 19:00:00
2014020070,DAL,PHI,2014 October 18 20:00:00
2014020071,CHI,NSH,2014 October 18 20:30:00
2014020072,ARI,STL,2014 October 18 21:00:00
2014020073,VAN,TBL,2014 October 18 22:00:00
2014020074,LAK,MIN,2014 October 19 15:00:00
2014020075,NYR,SJS,2014 October 19 17:00:00
2014020076,WPG,CGY,2014 October 19 19:00:00
2014020077,ANA,STL,2014 October 19 20:00:00
2014020078,EDM,TBL,2014 October 20 21:30:00
2014020079,BOS,SJS,2014 October 21 19:00:00
2014020080,NJD,NYR,2014 October 21 19:00:00
2014020081,NYI,TOR,2014 October 21 19:00:00
2014020082,MTL,DET,2014 October 21 19:30:00
2014020083,NSH,ARI,2014 October 21 20:00:00
2014020084,WPG,CAR,2014 October 21 20:00:00
2014020085,CHI,PHI,2014 October 21 20:30:00
2014020086,DAL,VAN,2014 October 21 20:30:00
2014020087,COL,FLA,2014 October 21 21:00:00
2014020088,CGY,TBL,2014 October 21 21:00:00
2014020089,OTT,TOR,2014 November 09 18:00:00
2014020090,PIT,PHI,2014 October 22 20:00:00
2014020091,EDM,WSH,2014 October 22 21:30:00
2014020092,ANA,BUF,2014 October 22 22:30:00
2014020093,BOS,NYI,2014 October 23 19:00:00
2014020094,DET,PIT,2014 October 23 19:30:00
2014020095,STL,VAN,2014 October 23 20:00:00
2014020096,NSH,CHI,2014 October 23 20:00:00
2014020097,MIN,ARI,2014 October 23 20:00:00
2014020098,CGY,CAR,2014 October 23 21:00:00
2014020099,LAK,BUF,2014 October 23 22:30:00
2014020100,SJS,CBJ,2014 October 23 22:30:00
2014020101,NJD,DAL,2014 October 24 19:00:00
2014020102,WPG,TBL,2014 October 24 20:00:00
2014020103,COL,VAN,2014 October 24 21:00:00
2014020104,EDM,CAR,2014 October 24 21:30:00
2014020105,ANA,CBJ,2014 October 24 22:00:00
2014020106,SJS,BUF,2014 October 25 16:00:00
2014020107,TOR,BOS,2014 October 25 19:00:00
2014020108,MTL,NYR,2014 October 25 19:00:00
2014020109,OTT,NJD,2014 October 25 19:00:00
2014020110,NYI,DAL,2014 October 25 19:00:00
2014020111,PHI,DET,2014 October 25 19:00:00
2014020112,STL,CHI,2014 October 25 20:00:00
2014020113,NSH,PIT,2014 October 25 20:00:00
2014020114,MIN,TBL,2014 October 25 20:00:00
2014020115,ARI,FLA,2014 October 25 21:00:00
2014020116,CGY,WSH,2014 October 25 22:00:00
2014020117,WPG,COL,2014 October 26 15:00:00
2014020118,LAK,CBJ,2014 October 26 16:00:00
2014020119,CHI,OTT,2014 October 26 19:00:00
2014020120,ANA,SJS,2014 October 26 20:00:00
2014020121,VAN,WSH,2014 October 26 21:30:00
2014020122,NYR,MIN,2014 October 27 19:00:00
2014020123,EDM,MTL,2014 October 27 21:30:00
2014020124,BOS,MIN,2014 October 28 19:00:00
2014020125,NYI,WPG,2014 October 28 19:00:00
2014020126,PHI,LAK,2014 October 28 19:00:00
2014020127,PIT,NJD,2014 October 28 19:00:00
2014020128,CBJ,OTT,2014 October 28 19:00:00
2014020129,TOR,BUF,2014 October 28 19:30:00
2014020130,TBL,ARI,2014 October 28 19:30:00
2014020131,CHI,ANA,2014 October 28 20:30:00
2014020132,DAL,STL,2014 October 28 20:30:00
2014020133,COL,SJS,2014 October 28 21:00:00
2014020134,CGY,MTL,2014 October 28 21:00:00
2014020135,VAN,CAR,2014 October 28 22:00:00
2014020136,WSH,DET,2014 October 29 19:30:00
2014020137,EDM,NSH,2014 October 29 22:00:00
2014020138,BUF,BOS,2014 October 30 19:00:00
2014020139,NJD,WPG,2014 October 30 19:00:00
2014020140,PIT,LAK,2014 October 30 19:00:00
2014020141,OTT,CHI,2014 October 30 19:30:00
2014020142,TBL,PHI,2014 October 30 19:30:00
2014020143,FLA,ARI,2014 October 30 19:30:00
2014020144,STL,ANA,2014 October 30 20:00:00
2014020145,MIN,SJS,2014 October 30 20:00:00
2014020146,COL,NYI,2014 October 30 21:00:00
2014020147,VAN,MTL,2014 October 30 22:00:00
2014020148,CBJ,TOR,2014 October 31 19:00:00
2014020149,DET,LAK,2014 October 31 19:30:00
2014020150,DAL,ANA,2014 October 31 20:30:00
2014020151,CGY,NSH,2014 October 31 21:00:00
2014020152,SJS,NYI,2014 November 01 22:30:00
2014020153,BOS,OTT,2014 November 01 19:00:00
2014020154,TOR,CHI,2014 November 01 19:00:00
2014020155,TBL,WSH,2014 November 01 19:00:00
2014020156,FLA,PHI,2014 November 01 19:00:00
2014020157,NJD,CBJ,2014 November 01 19:00:00
2014020158,NYR,WPG,2014 November 01 19:00:00
2014020159,PIT,BUF,2014 November 01 19:00:00
2014020160,CAR,ARI,2014 November 01 19:00:00
2014020161,STL,COL,2014 November 01 20:00:00
2014020162,MIN,DAL,2014 November 01 20:00:00
2014020163,EDM,VAN,2014 November 01 22:00:00
2014020164,BUF,DET,2014 November 02 17:00:00
2014020165,CAR,LAK,2014 November 02 17:00:00
2014020166,MTL,CGY,2014 November 02 19:00:00
2014020167,WSH,ARI,2014 November 02 19:00:00
2014020168,COL,ANA,2014 November 02 20:00:00
2014020169,CHI,WPG,2014 November 02 21:00:00
2014020170,VAN,NSH,2014 November 02 21:30:00
2014020171,NYR,STL,2014 November 03 19:00:00
2014020172,BOS,FLA,2014 November 04 19:00:00
2014020173,NJD,STL,2014 November 04 19:30:00
2014020174,PHI,EDM,2014 November 04 19:00:00
2014020175,WSH,CGY,2014 November 04 19:00:00
2014020176,CBJ,CAR,2014 November 04 19:00:00
2014020177,MTL,CHI,2014 November 04 19:30:00
2014020178,OTT,DET,2014 November 04 19:30:00
2014020179,MIN,PIT,2014 November 04 20:00:00
2014020180,WPG,NSH,2014 November 04 20:00:00
2014020181,DAL,LAK,2014 November 04 20:30:00
2014020182,COL,VAN,2014 November 04 21:00:00
2014020183,ARI,TOR,2014 November 04 21:00:00
2014020184,BUF,MTL,2014 November 05 19:30:00
2014020185,NYR,DET,2014 November 05 20:00:00
2014020186,ANA,NYI,2014 November 05 22:30:00
2014020187,BOS,EDM,2014 November 06 19:00:00
2014020188,PHI,FLA,2014 November 06 19:00:00
2014020189,OTT,MIN,2014 November 06 19:30:00
2014020190,TBL,CGY,2014 November 06 19:30:00
2014020191,STL,NJD,2014 November 06 20:00:00
2014020192,WPG,PIT,2014 November 06 20:00:00
2014020193,DAL,NSH,2014 November 06 20:30:00
2014020194,COL,TOR,2014 November 06 21:00:00
2014020195,LAK,NYI,2014 November 06 22:30:00
2014020196,SJS,VAN,2014 November 06 22:30:00
2014020197,BUF,EDM,2014 November 07 19:00:00
2014020198,CAR,CBJ,2014 November 07 19:00:00
2014020199,DET,NJD,2014 November 07 19:30:00
2014020200,CHI,WSH,2014 November 07 20:30:00
2014020201,ANA,ARI,2014 November 07 22:00:00
2014020202,FLA,CGY,2014 November 08 15:00:00
2014020203,BUF,PIT,2014 November 08 19:00:00
2014020204,TOR,NYR,2014 November 08 19:00:00
2014020205,MTL,MIN,2014 November 08 19:00:00
2014020206,OTT,WPG,2014 November 08 19:00:00
2014020207,PHI,COL,2014 November 08 19:00:00
2014020208,CBJ,TBL,2014 November 08 19:00:00
2014020209,WSH,CAR,2014 November 08 20:00:00
2014020210,STL,NSH,2014 November 08 20:00:00
2014020211,DAL,SJS,2014 November 08 20:00:00
2014020212,ARI,NYI,2014 November 08 20:00:00
2014020213,LAK,VAN,2014 November 08 22:00:00
2014020214,DET,TBL,2014 November 09 18:00:00
2014020215,NYR,EDM,2014 November 09 18:00:00
2014020216,CHI,SJS,2014 November 09 19:00:00
2014020217,ANA,VAN,2014 November 09 21:00:00
2014020218,BOS,NJD,2014 November 10 19:00:00
2014020219,CAR,CGY,2014 November 10 19:00:00
2014020220,NJD,MIN,2014 November 11 19:00:00
2014020221,NYI,COL,2014 November 11 19:00:00
2014020222,NYR,PIT,2014 November 11 19:00:00
2014020223,WSH,CBJ,2014 November 11 19:00:00
2014020224,MTL,WPG,2014 November 11 19:30:00
2014020225,FLA,SJS,2014 November 11 19:30:00
2014020226,STL,BUF,2014 November 11 20:00:00
2014020227,NSH,EDM,2014 November 11 20:00:00
2014020228,CHI,TBL,2014 November 11 20:30:00
2014020229,ARI,DAL,2014 November 11 21:00:00
2014020230,VAN,OTT,2014 November 11 22:00:00
2014020231,TOR,BOS,2014 November 12 20:00:00
2014020232,ANA,LAK,2014 November 12 22:30:00
2014020233,NYR,COL,2014 November 13 19:00:00
2014020234,CAR,WPG,2014 November 13 19:00:00
2014020235,MTL,BOS,2014 November 13 19:30:00
2014020236,TBL,SJS,2014 November 13 19:30:00
2014020237,STL,NSH,2014 November 13 20:00:00
2014020238,MIN,BUF,2014 November 13 20:00:00
2014020239,CGY,ARI,2014 November 13 21:00:00
2014020240,EDM,OTT,2014 November 13 21:30:00
2014020241,LAK,DAL,2014 November 13 22:30:00
2014020242,PHI,CBJ,2014 November 14 19:00:00
2014020243,WSH,NJD,2014 November 14 19:00:00
2014020244,TOR,PIT,2014 November 14 19:30:00
2014020245,DET,CHI,2014 November 14 19:30:00
2014020246,FLA,NYI,2014 November 14 19:30:00
2014020247,VAN,ARI,2014 November 14 22:00:00
2014020248,BOS,CAR,2014 November 15 13:00:00
2014020249,DAL,MIN,2014 November 15 14:00:00
2014020250,LAK,ANA,2014 November 15 16:00:00
2014020251,BUF,TOR,2014 November 15 19:00:00
2014020252,MTL,PHI,2014 November 15 19:00:00
2014020253,TBL,NYI,2014 November 15 19:00:00
2014020254,NJD,COL,2014 November 15 19:00:00
2014020255,PIT,NYR,2014 November 15 19:00:00
2014020256,CBJ,SJS,2014 November 15 19:00:00
2014020257,NSH,WPG,2014 November 15 19:00:00
2014020258,STL,WSH,2014 November 15 20:00:00
2014020259,CGY,OTT,2014 November 15 22:00:00
2014020260,CAR,SJS,2014 November 16 17:00:00
2014020261,MIN,WPG,2014 November 16 17:00:00
2014020262,DET,MTL,2014 November 16 19:00:00
2014020263,CHI,DAL,2014 November 16 19:00:00
2014020264,ANA,FLA,2014 November 16 20:00:00
2014020265,EDM,ARI,2014 November 16 21:00:00
2014020266,NYR,TBL,2014 November 17 19:00:00
2014020267,BOS,STL,2014 November 18 19:00:00
2014020268,BUF,SJS,2014 November 18 19:30:00
2014020269,NYI,TBL,2014 November 18 19:00:00
2014020270,CBJ,DET,2014 November 18 19:00:00
2014020271,TOR,NSH,2014 November 18 19:30:00
2014020272,MTL,PIT,2014 November 18 19:30:00
2014020273,WPG,NJD,2014 November 18 20:00:00
2014020274,DAL,CAR,2014 November 18 20:30:00
2014020275,CGY,ANA,2014 November 18 21:00:00
2014020276,ARI,WSH,2014 November 18 21:00:00
2014020277,LAK,FLA,2014 November 18 22:30:00
2014020278,NYR,PHI,2014 November 19 20:00:00
2014020279,EDM,VAN,2014 November 19 20:00:00
2014020280,PHI,MIN,2014 November 20 19:00:00
2014020281,TOR,TBL,2014 November 20 19:30:00
2014020282,MTL,STL,2014 November 20 19:30:00
2014020283,OTT,NSH,2014 November 20 19:30:00
2014020284,WPG,DET,2014 November 20 20:00:00
2014020285,DAL,ARI,2014 November 20 20:30:00
2014020286,COL,WSH,2014 November 20 21:00:00
2014020287,CGY,CHI,2014 November 20 21:00:00
2014020288,VAN,ANA,2014 November 20 22:00:00
2014020289,LAK,CAR,2014 November 20 22:30:00
2014020290,SJS,FLA,2014 November 20 22:30:00
2014020291,BUF,NYR,2015 February 20 19:00:00
2014020292,PIT,NYI,2014 November 21 19:00:00
2014020293,CBJ,BOS,2014 November 21 19:00:00
2014020294,EDM,NJD,2014 November 21 21:30:00
2014020295,OTT,STL,2014 November 22 15:00:00
2014020296,BOS,MTL,2014 November 22 19:00:00
2014020297,TOR,DET,2014 November 22 19:00:00
2014020298,TBL,MIN,2014 November 22 19:00:00
2014020299,NYI,PIT,2014 November 22 19:00:00
2014020300,PHI,CBJ,2014 November 22 19:00:00
2014020301,WSH,BUF,2014 November 22 19:00:00
2014020302,NSH,FLA,2014 November 22 20:00:00
2014020303,DAL,LAK,2014 November 22 20:00:00
2014020304,COL,CAR,2014 November 22 21:00:00
2014020305,CGY,NJD,2014 November 22 22:00:00
2014020306,EDM,CHI,2014 November 22 22:00:00
2014020307,SJS,ARI,2014 November 22 22:30:00
2014020308,WPG,STL,2014 November 23 16:30:00
2014020309,NYR,MTL,2014 November 23 19:00:00
2014020310,ANA,ARI,2014 November 23 20:00:00
2014020311,VAN,CHI,2014 November 23 21:30:00
2014020312,BOS,PIT,2014 November 24 19:00:00
2014020313,NYI,PHI,2014 November 24 19:00:00
2014020314,DET,OTT,2014 November 24 19:30:00
2014020315,FLA,MIN,2014 November 24 19:30:00
2014020316,CBJ,WPG,2014 November 25 19:00:00
2014020317,STL,OTT,2014 November 25 20:00:00
2014020318,NSH,LAK,2014 November 25 20:00:00
2014020319,DAL,EDM,2014 November 25 20:30:00
2014020320,ARI,COL,2014 November 25 21:00:00
2014020321,VAN,NJD,2014 November 25 22:00:00
2014020322,ANA,CGY,2014 November 25 22:00:00
2014020323,BUF,WPG,2014 November 26 19:00:00
2014020324,NYI,WSH,2014 November 26 19:00:00
2014020325,DET,PHI,2014 November 26 19:30:00
2014020326,TBL,NYR,2014 November 26 19:30:00
2014020327,FLA,CAR,2014 November 26 19:30:00
2014020328,PIT,TOR,2014 November 26 19:30:00
2014020329,MIN,LAK,2014 November 26 20:00:00
2014020330,COL,CHI,2014 November 26 21:00:00
2014020331,SJS,CGY,2014 November 26 22:30:00
2014020332,NSH,EDM,2014 November 27 20:00:00
2014020333,PHI,NYR,2014 November 28 13:00:00
2014020334,ANA,CHI,2014 November 28 16:00:00
2014020335,WSH,NYI,2014 November 28 17:00:00
2014020336,BOS,WPG,2014 November 28 19:00:00
2014020337,BUF,MTL,2014 November 28 19:00:00
2014020338,NJD,DET,2014 November 28 19:00:00
2014020339,PIT,CAR,2014 November 28 19:00:00
2014020340,CBJ,VAN,2014 November 28 19:00:00
2014020341,FLA,OTT,2014 November 28 19:30:00
2014020342,STL,EDM,2014 November 28 20:00:00
2014020343,DAL,MIN,2014 November 28 20:30:00
2014020344,TOR,WSH,2014 November 29 19:00:00
2014020345,MTL,BUF,2014 November 29 19:00:00
2014020346,TBL,OTT,2014 November 29 19:00:00
2014020347,NYI,NJD,2014 November 29 19:00:00
2014020348,NYR,PHI,2014 November 29 13:00:00
2014020349,CAR,PIT,2014 November 29 19:00:00
2014020350,NSH,CBJ,2014 November 29 20:00:00
2014020351,MIN,STL,2014 November 29 20:00:00
2014020352,COL,DAL,2014 November 29 21:00:00
2014020353,ARI,CGY,2014 November 29 22:00:00
2014020354,LAK,CHI,2014 November 29 22:00:00
2014020355,SJS,ANA,2014 November 29 22:30:00
2014020356,DET,VAN,2014 November 30 14:00:00
2014020357,NYR,TBL,2014 December 01 19:00:00
2014020358,CBJ,FLA,2014 December 01 19:00:00
2014020359,COL,MTL,2014 December 01 21:00:00
2014020360,EDM,ARI,2014 December 01 21:30:00
2014020361,ANA,BOS,2014 December 01 22:00:00
2014020362,BUF,TBL,2014 December 02 19:30:00
2014020363,NYI,OTT,2014 December 02 19:00:00
2014020364,PIT,NJD,2014 December 02 19:00:00
2014020365,WSH,VAN,2014 December 02 19:00:00
2014020366,CAR,NSH,2014 December 02 19:00:00
2014020367,TOR,DAL,2014 December 02 19:30:00
2014020368,DET,FLA,2014 December 02 19:30:00
2014020369,CGY,ARI,2014 December 02 21:00:00
2014020370,SJS,PHI,2014 December 02 22:00:00
2014020371,LAK,BOS,2014 December 02 22:30:00
2014020372,MIN,MTL,2014 December 03 19:00:00
2014020373,CHI,STL,2014 December 03 20:00:00
2014020374,WPG,EDM,2014 December 03 21:00:00
2014020375,ANA,PHI,2014 December 03 22:30:00
2014020376,PIT,VAN,2014 December 04 19:00:00
2014020377,CAR,WSH,2014 December 04 19:00:00
2014020378,TOR,NJD,2014 December 04 19:30:00
2014020379,OTT,NYI,2014 December 04 19:30:00
2014020380,DET,DAL,2014 December 04 19:30:00
2014020381,TBL,BUF,2014 December 04 19:30:00
2014020382,FLA,CBJ,2014 December 04 19:30:00
2014020383,NSH,STL,2014 December 04 20:00:00
2014020384,CGY,COL,2014 December 04 21:00:00
2014020385,ARI,LAK,2014 December 04 21:00:00
2014020386,SJS,BOS,2014 December 04 22:30:00
2014020387,MIN,ANA,2014 December 05 20:00:00
2014020388,WPG,COL,2014 December 05 20:00:00
2014020389,CHI,MTL,2014 December 05 20:30:00
2014020390,PIT,OTT,2014 December 06 13:00:00
2014020391,LAK,PHI,2014 December 06 16:00:00
2014020392,TOR,VAN,2014 December 06 19:00:00
2014020393,DET,NYR,2014 December 06 19:00:00
2014020394,TBL,CBJ,2014 December 06 19:00:00
2014020395,FLA,BUF,2014 December 06 19:00:00
2014020396,NJD,WSH,2014 December 06 19:00:00
2014020397,NYI,STL,2014 December 06 13:00:00
2014020398,NSH,CHI,2014 December 06 19:00:00
2014020399,DAL,MTL,2014 December 06 19:00:00
2014020400,ARI,BOS,2014 December 06 20:00:00
2014020401,CGY,SJS,2014 December 06 22:00:00
2014020402,WPG,ANA,2014 December 07 15:00:00
2014020403,CAR,DET,2014 December 07 17:00:00
2014020404,OTT,VAN,2014 December 07 19:00:00
2014020405,EDM,SJS,2014 December 07 21:00:00
2014020406,NYR,PIT,2014 December 08 19:00:00
2014020407,CAR,NJD,2014 December 08 19:00:00
2014020408,STL,FLA,2014 December 08 20:00:00
2014020409,BUF,LAK,2014 December 09 19:30:00
2014020410,NJD,CHI,2014 December 09 19:00:00
2014020411,CBJ,PHI,2014 December 09 19:00:00
2014020412,TOR,CGY,2014 December 09 19:30:00
2014020413,MTL,VAN,2014 December 09 19:30:00
2014020414,TBL,WSH,2014 December 09 19:30:00
2014020415,MIN,NYI,2014 December 09 20:00:00
2014020416,DAL,WPG,2014 December 09 20:30:00
2014020417,COL,NSH,2014 December 09 21:00:00
2014020418,SJS,EDM,2014 December 09 22:30:00
2014020419,DET,TOR,2014 December 10 20:00:00
2014020420,ANA,EDM,2014 December 10 22:00:00
2014020421,BOS,CHI,2014 December 11 19:00:00
2014020422,BUF,CGY,2014 December 11 19:00:00
2014020423,PHI,NJD,2014 December 11 19:00:00
2014020424,WSH,CBJ,2014 December 11 19:00:00
2014020425,OTT,LAK,2014 December 11 19:30:00
2014020426,TBL,CAR,2014 December 11 19:30:00
2014020427,STL,NYI,2014 December 11 20:00:00
2014020428,COL,WPG,2014 December 11 21:00:00
2014020429,ARI,NSH,2014 December 11 21:00:00
2014020430,SJS,MIN,2014 December 11 22:30:00
2014020431,PIT,CGY,2014 December 12 19:00:00
2014020432,MTL,LAK,2014 December 12 19:30:00
2014020433,DET,FLA,2014 December 12 19:30:00
2014020434,EDM,ANA,2014 December 12 21:30:00
2014020435,BOS,OTT,2014 December 13 13:00:00
2014020436,PHI,CAR,2014 December 13 13:00:00
2014020437,BUF,FLA,2014 December 13 19:00:00
2014020438,TOR,DET,2014 December 13 19:00:00
2014020439,NYI,CHI,2014 December 13 19:00:00
2014020440,WSH,TBL,2014 December 13 19:00:00
2014020441,CBJ,PIT,2014 December 13 19:00:00
2014020442,WPG,ANA,2014 December 13 19:00:00
2014020443,DAL,NJD,2014 December 13 20:30:00
2014020444,ARI,MIN,2014 December 13 20:00:00
2014020445,COL,STL,2014 December 13 22:00:00
2014020446,VAN,NYR,2014 December 13 22:00:00
2014020447,SJS,NSH,2014 December 13 22:30:00
2014020448,TOR,LAK,2014 December 14 17:00:00
2014020449,CHI,CGY,2014 December 14 20:00:00
2014020450,EDM,NYR,2014 December 14 21:30:00
2014020451,NYI,NJD,2014 December 15 19:00:00
2014020452,PIT,TBL,2014 December 15 19:00:00
2014020453,PHI,TBL,2014 December 16 19:00:00
2014020454,TOR,ANA,2014 December 16 19:30:00
2014020455,MTL,CAR,2014 December 16 19:30:00
2014020456,DET,CBJ,2014 December 16 19:30:00
2014020457,FLA,WSH,2014 December 16 19:30:00
2014020458,STL,LAK,2014 December 16 20:00:00
2014020459,NSH,BOS,2014 December 16 20:00:00
2014020460,WPG,BUF,2014 December 16 20:00:00
2014020461,CHI,MIN,2014 December 16 20:30:00
2014020462,CGY,NYR,2014 December 16 21:00:00
2014020463,ARI,EDM,2014 December 16 21:00:00
2014020464,NJD,OTT,2014 December 17 19:00:00
2014020465,MIN,BOS,2014 December 17 20:00:00
2014020466,VAN,DAL,2014 December 17 22:00:00
2014020467,PHI,FLA,2014 December 18 19:00:00
2014020468,PIT,COL,2014 December 18 19:00:00
2014020469,CAR,TOR,2014 December 18 19:00:00
2014020470,CBJ,WSH,2014 December 18 19:00:00
2014020471,MTL,ANA,2014 December 18 19:30:00
2014020472,LAK,STL,2014 December 18 22:30:00
2014020473,SJS,EDM,2014 December 18 22:30:00
2014020474,NJD,TBL,2014 December 19 19:00:00
2014020475,OTT,ANA,2014 December 19 19:30:00
2014020476,DET,NYI,2014 December 19 19:30:00
2014020477,WPG,BOS,2014 December 19 20:00:00
2014020478,CGY,DAL,2014 December 19 21:00:00
2014020479,LAK,ARI,2014 December 20 16:00:00
2014020480,BUF,COL,2014 December 20 19:00:00
2014020481,TOR,PHI,2014 December 20 19:00:00
2014020482,MTL,OTT,2014 December 20 19:00:00
2014020483,NJD,WSH,2014 December 20 19:00:00
2014020484,NYI,TBL,2014 December 20 19:00:00
2014020485,PIT,FLA,2014 December 20 19:00:00
2014020486,CAR,NYR,2014 December 20 19:00:00
2014020487,CBJ,CHI,2014 December 20 19:00:00
2014020488,MIN,NSH,2014 December 20 20:00:00
2014020489,VAN,CGY,2014 December 20 22:00:00
2014020490,SJS,STL,2014 December 20 22:30:00
2014020491,DET,COL,2014 December 21 18:00:00
2014020492,EDM,DAL,2014 December 21 18:00:00
2014020493,BOS,BUF,2014 December 21 19:00:00
2014020494,NYR,CAR,2014 December 21 19:00:00
2014020495,CHI,TOR,2014 December 21 19:00:00
2014020496,WPG,PHI,2014 December 21 21:00:00
2014020497,WSH,OTT,2014 December 22 19:00:00
2014020498,CBJ,NSH,2014 December 22 19:00:00
2014020499,FLA,PIT,2014 December 22 19:30:00
2014020500,VAN,ARI,2014 December 22 22:00:00
2014020501,ANA,SJS,2014 December 22 22:00:00
2014020502,LAK,CGY,2014 December 22 22:30:00
2014020503,BOS,NSH,2014 December 23 19:00:00
2014020504,NJD,CAR,2014 December 23 19:00:00
2014020505,NYI,MTL,2014 December 23 19:00:00
2014020506,NYR,WSH,2014 December 23 19:00:00
2014020507,MIN,PHI,2014 December 23 19:00:00
2014020508,DET,BUF,2014 December 23 19:30:00
2014020509,TBL,PIT,2014 December 23 19:30:00
2014020510,EDM,ARI,2014 December 23 20:00:00
2014020511,CHI,WPG,2014 December 23 20:30:00
2014020512,DAL,TOR,2014 December 23 19:00:00
2014020513,COL,STL,2014 December 23 20:00:00
2014020514,BUF,NYI,2014 December 27 19:00:00
2014020515,OTT,DET,2014 December 27 19:00:00
2014020516,TBL,CAR,2014 December 27 19:00:00
2014020517,NYR,NJD,2014 December 27 19:00:00
2014020518,PIT,WSH,2014 December 27 19:30:00
2014020519,CBJ,BOS,2014 December 27 19:00:00
2014020520,MIN,WPG,2014 December 27 19:00:00
2014020521,STL,DAL,2014 December 27 20:00:00
2014020522,NSH,PHI,2014 December 27 20:00:00
2014020523,ARI,ANA,2014 December 27 20:00:00
2014020524,COL,CHI,2014 December 27 21:00:00
2014020525,CGY,EDM,2014 December 27 22:00:00
2014020526,LAK,SJS,2014 December 27 22:00:00
2014020527,FLA,TOR,2014 December 28 17:00:00
2014020528,ANA,VAN,2014 December 28 20:00:00
2014020529,BOS,DET,2014 December 29 19:00:00
2014020530,NJD,PIT,2014 December 29 19:00:00
2014020531,NYI,WSH,2014 December 29 19:00:00
2014020532,CAR,MTL,2014 December 29 19:00:00
2014020533,OTT,BUF,2014 December 29 19:30:00
2014020534,TBL,TOR,2014 December 29 19:30:00
2014020535,STL,COL,2014 December 29 20:00:00
2014020536,WPG,MIN,2014 December 29 20:00:00
2014020537,CHI,NSH,2014 December 29 20:30:00
2014020538,DAL,NYR,2014 December 29 20:30:00
2014020539,CGY,LAK,2014 December 29 21:00:00
2014020540,ARI,PHI,2014 December 29 21:00:00
2014020541,FLA,MTL,2014 December 30 19:30:00
2014020542,NSH,STL,2014 December 30 20:00:00
2014020543,EDM,LAK,2014 December 30 21:30:00
2014020544,SJS,VAN,2014 December 30 22:00:00
2014020545,WPG,NYI,2014 December 31 17:00:00
2014020546,BUF,TBL,2014 December 31 18:00:00
2014020547,BOS,TOR,2014 December 31 19:00:00
2014020548,PIT,CAR,2014 December 31 19:00:00
2014020549,CBJ,MIN,2014 December 31 19:00:00
2014020550,DET,NJD,2014 December 31 19:30:00
2014020551,FLA,NYR,2014 December 31 18:00:00
2014020552,ANA,SJS,2014 December 31 20:00:00
2014020553,DAL,ARI,2014 December 31 20:00:00
2014020554,COL,PHI,2014 December 31 21:00:00
2014020555,CGY,EDM,2014 December 31 21:30:00
2014020556,WSH,CHI,2015 January 01 13:00:00
2014020557,VAN,LAK,2015 January 01 22:00:00
2014020558,BUF,FLA,2015 January 02 19:00:00
2014020559,NJD,MTL,2015 January 02 19:00:00
2014020560,PIT,TBL,2015 January 02 19:00:00
2014020561,CAR,PHI,2015 January 02 19:00:00
2014020562,MIN,TOR,2015 January 02 20:00:00
2014020563,COL,EDM,2015 January 02 21:00:00
2014020564,CGY,NYI,2015 January 02 21:00:00
2014020565,ANA,STL,2015 January 02 22:00:00
2014020566,BOS,OTT,2015 January 03 13:00:00
2014020567,LAK,NSH,2015 January 03 16:00:00
2014020568,NJD,PHI,2015 January 03 19:00:00
2014020569,NYR,BUF,2015 January 03 19:00:00
2014020570,PIT,MTL,2015 January 03 19:00:00
2014020571,WPG,TOR,2015 January 03 19:00:00
2014020572,DAL,MIN,2015 January 03 20:00:00
2014020573,ARI,CBJ,2015 January 03 20:00:00
2014020574,VAN,DET,2015 January 03 22:00:00
2014020575,SJS,STL,2015 January 03 22:30:00
2014020576,CAR,BOS,2015 January 04 13:00:00
2014020577,WSH,FLA,2015 January 04 15:00:00
2014020578,OTT,TBL,2015 January 04 19:00:00
2014020579,CHI,DAL,2015 January 04 20:00:00
2014020580,COL,CBJ,2015 January 04 20:00:00
2014020581,ANA,NSH,2015 January 04 20:00:00
2014020582,EDM,NYI,2015 January 04 21:30:00
2014020583,WPG,SJS,2015 January 05 20:00:00
2014020584,NJD,BUF,2015 January 06 19:00:00
2014020585,PHI,OTT,2015 January 06 19:00:00
2014020586,MTL,TBL,2015 January 06 19:30:00
2014020587,NSH,CAR,2015 January 06 20:00:00
2014020588,MIN,SJS,2015 January 06 20:00:00
2014020589,CHI,COL,2015 January 06 20:30:00
2014020590,DAL,CBJ,2015 January 06 20:30:00
2014020591,ARI,STL,2015 January 06 21:00:00
2014020592,EDM,DET,2015 January 06 21:30:00
2014020593,VAN,NYI,2015 January 06 22:00:00
2014020594,TOR,WSH,2015 January 07 19:00:00
2014020595,PIT,BOS,2015 January 07 20:00:00
2014020596,CGY,DET,2015 January 07 21:30:00
2014020597,ANA,NYR,2015 January 07 22:30:00
2014020598,BOS,NJD,2015 January 08 19:00:00
2014020599,PHI,WSH,2015 January 08 19:00:00
2014020600,CAR,BUF,2015 January 08 19:00:00
2014020601,STL,SJS,2015 January 08 20:00:00
2014020602,NSH,DAL,2015 January 08 20:00:00
2014020603,MIN,CHI,2015 January 08 20:00:00
2014020604,COL,OTT,2015 January 08 21:00:00
2014020605,ARI,WPG,2015 January 08 21:00:00
2014020606,VAN,FLA,2015 January 08 22:00:00
2014020607,LAK,NYR,2015 January 08 22:30:00
2014020608,NJD,NYI,2015 January 09 19:00:00
2014020609,TOR,CBJ,2015 January 09 19:30:00
2014020610,TBL,BUF,2015 January 09 19:30:00
2014020611,CGY,FLA,2015 January 09 21:00:00
2014020612,EDM,CHI,2015 January 09 21:30:00
2014020613,PHI,BOS,2015 January 10 13:00:00
2014020614,MIN,NSH,2015 January 10 14:00:00
2014020615,COL,DAL,2015 January 10 15:00:00
2014020616,MTL,PIT,2015 January 10 19:00:00
2014020617,WSH,DET,2015 January 10 19:00:00
2014020618,CBJ,NYI,2015 January 10 19:00:00
2014020619,ARI,OTT,2015 January 10 19:00:00
2014020620,STL,CAR,2015 January 10 20:00:00
2014020621,VAN,CGY,2015 January 10 22:00:00
2014020622,LAK,WPG,2015 January 10 22:00:00
2014020623,SJS,NYR,2015 January 10 22:00:00
2014020624,EDM,FLA,2015 January 11 19:00:00
2014020625,CHI,MIN,2015 January 11 20:00:00
2014020626,ANA,WPG,2015 January 11 21:00:00
2014020627,PHI,TBL,2015 January 12 19:00:00
2014020628,WSH,COL,2015 January 12 19:00:00
2014020629,LAK,TOR,2015 January 12 22:30:00
2014020630,BOS,TBL,2015 January 13 19:00:00
2014020631,BUF,DET,2015 January 13 19:00:00
2014020632,NYR,NYI,2015 January 13 19:00:00
2014020633,PIT,MIN,2015 January 13 19:00:00
2014020634,CAR,COL,2015 January 13 19:00:00
2014020635,STL,EDM,2015 January 13 20:00:00
2014020636,NSH,VAN,2015 January 13 20:00:00
2014020637,WPG,FLA,2015 January 13 20:00:00
2014020638,DAL,OTT,2015 January 13 20:30:00
2014020639,ARI,SJS,2015 January 13 21:00:00
2014020640,CBJ,MTL,2015 January 14 19:00:00
2014020641,WSH,PHI,2015 January 14 20:00:00
2014020642,ANA,TOR,2015 January 14 22:00:00
2014020643,LAK,NJD,2015 January 14 22:30:00
2014020644,BOS,NYR,2015 January 15 19:00:00
2014020645,BUF,MIN,2015 January 15 19:00:00
2014020646,PHI,VAN,2015 January 15 19:00:00
2014020647,OTT,MTL,2015 January 15 19:30:00
2014020648,TBL,EDM,2015 January 15 19:30:00
2014020649,FLA,COL,2015 January 15 19:30:00
2014020650,STL,DET,2015 January 15 20:00:00
2014020651,DAL,WPG,2015 January 15 20:30:00
2014020652,ARI,CGY,2015 January 15 21:00:00
2014020653,SJS,TOR,2015 January 15 22:30:00
2014020654,NYI,PIT,2015 January 16 19:00:00
2014020655,CAR,VAN,2015 January 16 19:00:00
2014020656,CBJ,NYR,2015 January 16 19:00:00
2014020657,NSH,WSH,2015 January 16 20:00:00
2014020658,CHI,WPG,2015 January 16 20:30:00
2014020659,ANA,NJD,2015 January 16 22:00:00
2014020660,BOS,CBJ,2015 January 17 19:00:00
2014020661,BUF,PHI,2015 January 17 19:00:00
2014020662,MTL,NYI,2015 January 17 19:00:00
2014020663,OTT,CAR,2015 January 17 19:00:00
2014020664,DET,NSH,2015 January 17 19:00:00
2014020665,TBL,COL,2015 January 17 19:00:00
2014020666,FLA,EDM,2015 January 17 19:00:00
2014020667,STL,TOR,2015 January 17 19:00:00
2014020668,DAL,WSH,2015 January 17 20:00:00
2014020669,MIN,ARI,2015 January 17 21:00:00
2014020670,LAK,ANA,2015 January 17 22:00:00
2014020671,SJS,CGY,2015 January 17 22:00:00
2014020672,PIT,NYR,2015 January 18 12:30:00
2014020673,CHI,DAL,2015 January 18 18:00:00
2014020674,WPG,ARI,2015 January 18 19:00:00
2014020675,DET,BUF,2015 January 18 20:00:00
2014020676,NYI,PHI,2015 January 19 13:00:00
2014020677,TOR,CAR,2015 January 19 19:30:00
2014020678,FLA,VAN,2015 January 19 19:30:00
2014020679,STL,COL,2015 January 19 20:00:00
2014020680,MIN,CBJ,2015 January 19 20:00:00
2014020681,LAK,CGY,2015 January 19 22:30:00
2014020682,SJS,NJD,2015 January 19 22:30:00
2014020683,NYR,OTT,2015 January 20 19:00:00
2014020684,PHI,PIT,2015 January 20 19:30:00
2014020685,WSH,EDM,2015 January 20 19:00:00
2014020686,MTL,NSH,2015 January 20 19:30:00
2014020687,DET,MIN,2015 January 20 19:30:00
2014020688,TBL,VAN,2015 January 20 19:30:00
2014020689,CHI,ARI,2015 January 20 20:30:00
2014020690,DAL,BOS,2015 January 20 20:30:00
2014020691,OTT,TOR,2015 January 21 19:00:00
2014020692,PIT,CHI,2015 January 21 20:00:00
2014020693,WPG,CBJ,2015 January 21 21:00:00
2014020694,COL,BOS,2015 January 21 22:00:00
2014020695,ANA,CGY,2015 January 21 22:00:00
2014020696,SJS,LAK,2015 January 21 22:30:00
2014020697,NYI,NYR,2015 January 27 19:00:00
2014020698,PHI,ARI,2015 January 27 19:00:00
2014020699,PIT,WPG,2015 January 27 19:00:00
2014020700,CAR,TBL,2015 January 27 19:30:00
2014020701,CBJ,WSH,2015 January 27 19:00:00
2014020702,MTL,DAL,2015 January 27 19:30:00
2014020703,FLA,DET,2015 January 27 19:30:00
2014020704,NSH,COL,2015 January 27 20:00:00
2014020705,CGY,BUF,2015 January 27 21:00:00
2014020706,EDM,MIN,2015 January 27 21:30:00
2014020707,VAN,ANA,2015 January 27 22:00:00
2014020708,NJD,TOR,2015 January 28 19:30:00
2014020709,WSH,PIT,2015 January 28 20:00:00
2014020710,LAK,CHI,2015 January 28 22:30:00
2014020711,NYI,BOS,2015 January 29 19:00:00
2014020712,NYR,MTL,2015 January 29 19:00:00
2014020713,PHI,WPG,2015 January 29 19:00:00
2014020714,TOR,ARI,2015 January 29 19:30:00
2014020715,OTT,DAL,2015 January 29 19:30:00
2014020716,TBL,DET,2015 January 29 19:30:00
2014020717,FLA,CBJ,2015 January 29 19:30:00
2014020718,STL,NSH,2015 January 29 20:00:00
2014020719,CGY,MIN,2015 January 29 21:00:00
2014020720,EDM,BUF,2015 January 29 21:30:00
2014020721,SJS,ANA,2015 January 29 22:00:00
2014020722,NJD,PIT,2015 January 30 19:00:00
2014020723,CAR,STL,2015 January 30 19:00:00
2014020724,COL,NSH,2015 January 30 21:00:00
2014020725,VAN,BUF,2015 January 30 22:00:00
2014020726,ANA,CHI,2015 January 30 22:00:00
2014020727,MTL,WSH,2015 January 31 13:00:00
2014020728,DET,NYI,2015 January 31 14:00:00
2014020729,OTT,ARI,2015 January 31 15:00:00
2014020730,BOS,LAK,2015 January 31 19:00:00
2014020731,NJD,FLA,2015 January 31 19:00:00
2014020732,NYR,CAR,2015 January 31 19:00:00
2014020733,PHI,TOR,2015 January 31 19:00:00
2014020734,WPG,DAL,2015 January 31 19:00:00
2014020735,TBL,CBJ,2015 January 31 19:30:00
2014020736,CGY,EDM,2015 January 31 22:00:00
2014020737,SJS,CHI,2015 January 31 22:30:00
2014020738,MTL,ARI,2015 February 01 13:00:00
2014020739,WSH,STL,2015 February 01 13:00:00
2014020740,PIT,NSH,2015 February 01 14:00:00
2014020741,VAN,MIN,2015 February 01 15:00:00
2014020742,NYR,FLA,2015 February 02 19:00:00
2014020743,CGY,WPG,2015 February 02 21:00:00
2014020744,SJS,EDM,2015 February 02 22:30:00
2014020745,NJD,OTT,2015 February 03 19:00:00
2014020746,NYI,FLA,2015 February 03 19:00:00
2014020747,WSH,LAK,2015 February 03 19:00:00
2014020748,CBJ,ARI,2015 February 03 19:00:00
2014020749,MTL,BUF,2015 February 03 19:30:00
2014020750,STL,TBL,2015 February 03 20:00:00
2014020751,NSH,TOR,2015 February 03 20:00:00
2014020752,MIN,CHI,2015 February 03 20:00:00
2014020753,DAL,COL,2015 February 03 20:30:00
2014020754,VAN,WPG,2015 February 03 22:00:00
2014020755,ANA,CAR,2015 February 03 22:00:00
2014020756,NYR,BOS,2015 February 04 20:00:00
2014020757,EDM,PIT,2015 February 04 20:00:00
2014020758,CGY,SJS,2015 February 04 22:00:00
2014020759,BUF,STL,2015 February 05 19:00:00
2014020760,PHI,NYI,2015 February 05 19:00:00
2014020761,OTT,WSH,2015 February 05 19:30:00
2014020762,FLA,LAK,2015 February 05 19:30:00
2014020763,NSH,ANA,2015 February 05 20:00:00
2014020764,DAL,TBL,2015 February 05 20:30:00
2014020765,COL,DET,2015 February 05 21:00:00
2014020766,ARI,CAR,2015 February 05 21:00:00
2014020767,VAN,SJS,2015 February 05 22:00:00
2014020768,NJD,TOR,2015 February 06 19:00:00
2014020769,WSH,ANA,2015 February 06 19:00:00
2014020770,CBJ,STL,2015 February 06 19:00:00
2014020771,WPG,CHI,2015 February 06 20:00:00
2014020772,CGY,PIT,2015 February 06 21:00:00
2014020773,NSH,NYR,2015 February 07 15:00:00
2014020774,TBL,LAK,2015 February 07 17:00:00
2014020775,BOS,NYI,2015 February 07 19:00:00
2014020776,BUF,DAL,2015 February 07 19:00:00
2014020777,TOR,EDM,2015 February 07 19:00:00
2014020778,MTL,NJD,2015 February 07 19:00:00
2014020779,OTT,CBJ,2015 February 07 19:00:00
2014020780,MIN,COL,2015 February 07 20:00:00
2014020781,ARI,DET,2015 February 07 20:00:00
2014020782,VAN,PIT,2015 February 07 22:00:00
2014020783,SJS,CAR,2015 February 07 22:30:00
2014020784,STL,CHI,2015 February 08 12:30:00
2014020785,FLA,NSH,2015 February 08 15:00:00
2014020786,WSH,PHI,2015 February 08 15:00:00
2014020787,BUF,NYI,2015 February 08 17:00:00
2014020788,TBL,ANA,2015 February 08 17:00:00
2014020789,NYR,DAL,2015 February 08 17:00:00
2014020790,WPG,COL,2015 February 08 18:00:00
2014020791,BOS,MTL,2015 February 08 19:30:00
2014020792,NJD,EDM,2015 February 09 19:00:00
2014020793,CBJ,LAK,2015 February 09 19:00:00
2014020794,MIN,VAN,2015 February 09 20:00:00
2014020795,CHI,ARI,2015 February 09 20:30:00
2014020796,SJS,CGY,2015 February 09 22:30:00
2014020797,BOS,DAL,2015 February 10 19:00:00
2014020798,BUF,OTT,2015 February 10 19:00:00
2014020799,NYI,EDM,2015 February 10 19:00:00
2014020800,TOR,NYR,2015 February 10 19:30:00
2014020801,MTL,PHI,2015 February 10 19:30:00
2014020802,FLA,ANA,2015 February 10 19:30:00
2014020803,STL,ARI,2015 February 10 20:00:00
2014020804,NSH,TBL,2015 February 10 20:00:00
2014020805,WPG,MIN,2015 February 10 20:00:00
2014020806,PIT,DET,2015 February 11 20:00:00
2014020807,CHI,VAN,2015 February 11 20:00:00
2014020808,SJS,WSH,2015 February 11 22:30:00
2014020809,NYI,TOR,2015 February 12 19:00:00
2014020810,CAR,ANA,2015 February 12 19:00:00
2014020811,MTL,EDM,2015 February 12 19:30:00
2014020812,OTT,PIT,2015 February 12 19:30:00
2014020813,TBL,STL,2015 February 12 19:30:00
2014020814,NSH,WPG,2015 February 12 20:00:00
2014020815,MIN,FLA,2015 February 12 20:00:00
2014020816,COL,NYR,2015 February 12 21:00:00
2014020817,LAK,CGY,2015 February 12 22:30:00
2014020818,CBJ,PHI,2015 February 13 19:00:00
2014020819,CHI,NJD,2015 February 13 20:30:00
2014020820,DAL,FLA,2015 February 13 20:30:00
2014020821,ARI,SJS,2015 February 13 21:00:00
2014020822,VAN,BOS,2015 February 13 22:00:00
2014020823,OTT,EDM,2015 February 14 14:00:00
2014020824,MTL,TOR,2015 February 14 19:00:00
2014020825,DET,WPG,2015 February 14 19:00:00
2014020826,NYI,CBJ,2015 February 14 19:00:00
2014020827,NSH,NJD,2015 February 14 20:00:00
2014020828,MIN,CAR,2015 February 14 20:00:00
2014020829,ARI,NYR,2015 February 14 20:00:00
2014020830,COL,DAL,2015 February 14 21:00:00
2014020831,CGY,VAN,2015 February 14 22:00:00
2014020832,LAK,WSH,2015 February 14 22:00:00
2014020833,CHI,PIT,2015 February 15 12:30:00
2014020834,FLA,STL,2015 February 15 17:00:00
2014020835,BUF,PHI,2015 February 15 19:30:00
2014020836,ANA,WSH,2015 February 15 20:00:00
2014020837,SJS,TBL,2015 February 15 20:00:00
2014020838,NYI,NYR,2015 February 16 19:00:00
2014020839,OTT,CAR,2015 February 16 19:30:00
2014020840,DET,MTL,2015 February 16 19:30:00
2014020841,WPG,EDM,2015 February 16 20:00:00
2014020842,COL,ARI,2015 February 16 21:00:00
2014020843,CGY,BOS,2015 February 16 21:00:00
2014020844,VAN,MIN,2015 February 16 22:00:00
2014020845,LAK,TBL,2015 February 16 22:30:00
2014020846,NJD,BUF,2015 February 17 19:30:00
2014020847,PHI,CBJ,2015 February 17 19:00:00
2014020848,PIT,WSH,2015 February 17 19:00:00
2014020849,CAR,NYI,2015 February 17 19:00:00
2014020850,TOR,FLA,2015 February 17 19:30:00
2014020851,STL,DAL,2015 February 17 20:00:00
2014020852,NSH,SJS,2015 February 17 20:00:00
2014020853,OTT,MTL,2015 February 18 19:00:00
2014020854,CHI,DET,2015 February 18 19:30:00
2014020855,CGY,MIN,2015 February 18 21:30:00
2014020856,COL,LAK,2015 February 18 22:00:00
2014020857,EDM,BOS,2015 February 18 22:00:00
2014020858,ANA,TBL,2015 February 18 22:00:00
2014020859,NYI,NSH,2015 February 19 19:00:00
2014020860,NYR,VAN,2015 February 19 19:00:00
2014020861,PHI,BUF,2015 February 19 19:00:00
2014020862,PIT,CBJ,2015 February 19 19:00:00
2014020863,WSH,WPG,2015 February 19 19:00:00
2014020864,MTL,FLA,2015 February 19 19:30:00
2014020865,DAL,SJS,2015 February 19 20:30:00
2014020866,BUF,OTT,2014 December 15 19:00:00
2014020867,NJD,VAN,2015 February 20 19:00:00
2014020868,CAR,TOR,2015 February 20 19:00:00
2014020869,STL,BOS,2015 February 20 20:00:00
2014020870,CHI,COL,2015 February 20 20:30:00
2014020871,CGY,ANA,2015 February 20 21:00:00
2014020872,EDM,MIN,2015 February 20 21:00:00
2014020873,WSH,NYI,2015 February 21 12:30:00
2014020874,PHI,NSH,2015 February 21 13:00:00
2014020875,TOR,WPG,2015 February 21 19:00:00
2014020876,MTL,CBJ,2015 February 21 19:00:00
2014020877,OTT,FLA,2015 February 21 19:00:00
2014020878,NJD,CAR,2015 February 21 19:00:00
2014020879,EDM,ANA,2015 February 21 19:00:00
2014020880,STL,PIT,2015 February 21 20:00:00
2014020881,DAL,DET,2015 February 21 20:00:00
2014020882,ARI,TBL,2015 February 21 20:00:00
2014020883,SJS,LAK,2015 February 21 22:00:00
2014020884,PHI,WSH,2015 February 22 12:30:00
2014020885,CHI,BOS,2015 February 22 15:30:00
2014020886,BUF,NSH,2015 February 22 18:00:00
2014020887,NYI,VAN,2015 February 22 18:00:00
2014020888,PIT,FLA,2015 February 22 18:00:00
2014020889,COL,TBL,2015 February 22 19:00:00
2014020890,NYR,CBJ,2015 February 22 19:30:00
2014020891,MIN,DAL,2015 February 22 20:00:00
2014020892,NJD,ARI,2015 February 23 19:00:00
2014020893,ANA,DET,2015 February 23 22:00:00
2014020894,BOS,VAN,2015 February 24 19:00:00
2014020895,NYI,ARI,2015 February 24 19:00:00
2014020896,NYR,CGY,2015 February 24 19:00:00
2014020897,CAR,PHI,2015 February 24 19:00:00
2014020898,CBJ,BUF,2015 February 24 19:00:00
2014020899,STL,MTL,2015 February 24 20:00:00
2014020900,NSH,COL,2015 February 24 20:00:00
2014020901,MIN,EDM,2015 February 24 20:00:00
2014020902,WPG,DAL,2015 February 24 20:00:00
2014020903,CHI,FLA,2015 February 24 20:30:00
2014020904,LAK,DET,2015 February 24 22:30:00
2014020905,NJD,CGY,2015 February 25 19:30:00
2014020906,WSH,PIT,2015 February 25 20:00:00
2014020907,ANA,OTT,2015 February 25 22:00:00
2014020908,BUF,VAN,2015 February 26 19:00:00
2014020909,NYR,ARI,2015 February 26 19:00:00
2014020910,CBJ,MTL,2015 February 26 19:00:00
2014020911,TOR,PHI,2015 February 26 19:30:00
2014020912,FLA,CHI,2015 February 26 19:30:00
2014020913,NSH,MIN,2015 February 26 20:30:00
2014020914,WPG,STL,2015 February 26 20:00:00
2014020915,LAK,OTT,2015 February 26 22:30:00
2014020916,SJS,DET,2015 February 26 22:30:00
2014020917,NJD,BOS,2015 February 27 19:00:00
2014020918,NYI,CGY,2015 February 27 19:00:00
2014020919,CAR,WSH,2015 February 27 19:00:00
2014020920,TBL,CHI,2015 February 27 19:30:00
2014020921,DAL,COL,2015 February 27 20:30:00
2014020922,ANA,LAK,2015 February 27 22:00:00
2014020923,FLA,BUF,2015 February 28 15:00:00
2014020924,NSH,DET,2015 February 28 15:00:00
2014020925,NYI,CAR,2015 February 28 17:00:00
2014020926,CBJ,NJD,2015 February 28 17:00:00
2014020927,BOS,ARI,2015 February 28 17:30:00
2014020928,MTL,TOR,2015 February 28 19:00:00
2014020929,PHI,NYR,2015 February 28 20:00:00
2014020930,COL,MIN,2015 February 28 22:00:00
2014020931,EDM,STL,2015 February 28 22:00:00
2014020932,SJS,OTT,2015 February 28 22:00:00
2014020933,WPG,LAK,2015 March 01 16:00:00
2014020934,FLA,TBL,2015 March 01 17:00:00
2014020935,PIT,CBJ,2015 March 01 17:00:00
2014020936,WSH,TOR,2015 March 01 19:00:00
2014020937,DAL,ANA,2015 March 01 20:00:00
2014020938,VAN,STL,2015 March 01 21:30:00
2014020939,NYR,NSH,2015 March 02 19:00:00
2014020940,CHI,CAR,2015 March 02 20:30:00
2014020941,SJS,MTL,2015 March 02 22:00:00
2014020942,NJD,NSH,2015 March 03 19:00:00
2014020943,PHI,CGY,2015 March 03 19:00:00
2014020944,CBJ,WSH,2015 March 03 19:00:00
2014020945,TBL,BUF,2015 March 03 19:30:00
2014020946,FLA,TOR,2015 March 03 19:30:00
2014020947,MIN,OTT,2015 March 03 20:00:00
2014020948,DAL,NYI,2015 March 03 20:30:00
2014020949,ARI,ANA,2015 March 03 21:00:00
2014020950,EDM,LAK,2015 March 03 21:30:00
2014020951,VAN,SJS,2015 March 03 22:00:00
2014020952,WPG,OTT,2015 March 04 19:30:00
2014020953,DET,NYR,2015 March 04 20:00:00
2014020954,COL,PIT,2015 March 04 22:00:00
2014020955,ANA,MTL,2015 March 04 22:00:00
2014020956,BOS,CGY,2015 March 05 19:00:00
2014020957,PHI,STL,2015 March 05 19:00:00
2014020958,WSH,MIN,2015 March 05 19:00:00
2014020959,TBL,TOR,2015 March 05 19:30:00
2014020960,FLA,DAL,2015 March 05 19:30:00
2014020961,NSH,NYI,2015 March 05 20:00:00
2014020962,ARI,VAN,2015 March 05 21:00:00
2014020963,LAK,MTL,2015 March 05 22:30:00
2014020964,NJD,CBJ,2015 March 06 19:00:00
2014020965,CAR,MIN,2015 March 06 19:00:00
2014020966,OTT,BUF,2015 March 06 19:30:00
2014020967,DET,CGY,2015 March 06 19:30:00
2014020968,CHI,EDM,2015 March 06 20:30:00
2014020969,ANA,PIT,2015 March 06 22:00:00
2014020970,BOS,PHI,2015 March 07 13:00:00
2014020971,TOR,STL,2015 March 07 19:00:00
2014020972,TBL,DAL,2015 March 07 19:00:00
2014020973,FLA,NYI,2015 March 07 19:00:00
2014020974,WSH,BUF,2015 March 07 19:00:00
2014020975,CBJ,COL,2015 March 07 19:00:00
2014020976,NSH,WPG,2015 March 07 19:00:00
2014020977,ARI,MTL,2015 March 07 19:00:00
2014020978,LAK,PIT,2015 March 07 22:00:00
2014020979,SJS,VAN,2015 March 07 22:00:00
2014020980,CAR,EDM,2015 March 08 15:00:00
2014020981,NJD,PHI,2015 March 08 17:00:00
2014020982,MIN,COL,2015 March 08 18:00:00
2014020983,OTT,CGY,2015 March 08 19:00:00
2014020984,BOS,DET,2015 March 08 12:30:00
2014020985,CHI,NYR,2015 March 08 19:30:00
2014020986,TOR,NYI,2015 March 09 19:30:00
2014020987,DET,EDM,2015 March 09 19:30:00
2014020988,VAN,ANA,2015 March 09 22:00:00
2014020989,ARI,NSH,2015 March 09 22:00:00
2014020990,SJS,PIT,2015 March 09 22:00:00
2014020991,NYI,NYR,2015 March 10 19:00:00
2014020992,PHI,DAL,2015 March 10 19:00:00
2014020993,CAR,CBJ,2015 March 10 19:00:00
2014020994,MTL,TBL,2015 March 10 19:30:00
2014020995,OTT,BOS,2015 March 10 19:30:00
2014020996,STL,WPG,2015 March 10 20:00:00
2014020997,MIN,NJD,2015 March 10 20:00:00
2014020998,COL,LAK,2015 March 10 21:00:00
2014020999,TOR,BUF,2015 March 11 19:00:00
2014021000,WSH,NYR,2015 March 11 20:00:00
2014021001,CGY,ANA,2015 March 11 21:30:00
2014021002,BOS,TBL,2015 March 12 19:00:00
2014021003,PIT,EDM,2015 March 12 19:00:00
2014021004,CAR,DAL,2015 March 12 19:00:00
2014021005,MTL,OTT,2015 March 12 19:30:00
2014021006,DET,CBJ,2015 March 12 19:30:00
2014021007,FLA,WPG,2015 March 12 19:30:00
2014021008,STL,PHI,2015 March 12 20:00:00
2014021009,COL,NJD,2015 March 12 21:00:00
2014021010,VAN,LAK,2015 March 12 22:00:00
2014021011,ARI,CHI,2015 March 12 22:00:00
2014021012,SJS,NSH,2015 March 12 22:30:00
2014021013,NYI,OTT,2015 March 13 19:00:00
2014021014,WSH,DAL,2015 March 13 19:00:00
2014021015,CBJ,EDM,2015 March 13 19:00:00
2014021016,MIN,ANA,2015 March 13 20:00:00
2014021017,CGY,TOR,2015 March 13 20:00:00
2014021018,PHI,DET,2015 March 14 13:00:00
2014021019,PIT,BOS,2015 March 14 13:00:00
2014021020,SJS,CHI,2015 March 14 16:00:00
2014021021,BUF,NYR,2015 March 14 19:00:00
2014021022,TBL,WPG,2015 March 14 19:00:00
2014021023,NYI,MTL,2015 March 14 19:00:00
2014021024,CAR,FLA,2015 March 14 19:00:00
2014021025,VAN,TOR,2015 March 14 19:00:00
2014021026,STL,MIN,2015 March 14 20:00:00
2014021027,ARI,NJD,2015 March 14 21:00:00
2014021028,COL,CGY,2015 March 14 22:00:00
2014021029,LAK,NSH,2015 March 14 22:00:00
2014021030,NYR,FLA,2015 March 15 17:00:00
2014021031,CBJ,CAR,2015 March 15 17:00:00
2014021032,DAL,STL,2015 March 15 18:00:00
2014021033,OTT,PHI,2015 March 15 19:00:00
2014021034,PIT,DET,2015 March 15 12:30:00
2014021035,WSH,BOS,2015 March 15 19:30:00
2014021036,ANA,NSH,2015 March 15 20:00:00
2014021037,BUF,WSH,2015 March 16 19:00:00
2014021038,TBL,MTL,2015 March 16 19:30:00
2014021039,EDM,TOR,2015 March 16 21:30:00
2014021040,LAK,ARI,2015 March 16 22:30:00
2014021041,BOS,BUF,2015 March 17 19:30:00
2014021042,NJD,PIT,2015 March 17 19:00:00
2014021043,CAR,OTT,2015 March 17 19:00:00
2014021044,FLA,MTL,2015 March 17 19:30:00
2014021045,NSH,MIN,2015 March 17 20:00:00
2014021046,WPG,SJS,2015 March 17 20:00:00
2014021047,CHI,NYI,2015 March 17 20:30:00
2014021048,CGY,STL,2015 March 17 21:00:00
2014021049,VAN,PHI,2015 March 17 22:00:00
2014021050,NYR,CHI,2015 March 18 20:00:00
2014021051,EDM,CBJ,2015 March 18 22:00:00
2014021052,ANA,LAK,2015 March 18 22:30:00
2014021053,TOR,SJS,2015 March 19 19:30:00
2014021054,MTL,CAR,2015 March 19 19:30:00
2014021055,OTT,BOS,2015 March 19 19:30:00
2014021056,FLA,DET,2015 March 19 19:30:00
2014021057,MIN,WSH,2015 March 19 20:00:00
2014021058,WPG,STL,2015 March 19 20:00:00
2014021059,DAL,PIT,2015 March 19 20:30:00
2014021060,CGY,PHI,2015 March 19 21:00:00
2014021061,VAN,CBJ,2015 March 19 22:00:00
2014021062,ARI,COL,2015 March 19 22:00:00
2014021063,BUF,NJD,2015 March 20 19:00:00
2014021064,TBL,DET,2015 March 20 19:30:00
2014021065,ANA,COL,2015 March 20 22:00:00
2014021066,MIN,STL,2015 March 21 14:00:00
2014021067,CGY,CBJ,2015 March 21 16:00:00
2014021068,LAK,VAN,2015 March 21 16:00:00
2014021069,MTL,SJS,2015 March 21 19:00:00
2014021070,OTT,TOR,2015 March 21 19:00:00
2014021071,FLA,BOS,2015 March 21 19:00:00
2014021072,NJD,NYI,2015 March 21 19:00:00
2014021073,CAR,NYR,2015 March 21 19:00:00
2014021074,WPG,WSH,2015 March 21 19:00:00
2014021075,NSH,BUF,2015 March 21 20:00:00
2014021076,DAL,CHI,2015 March 21 20:00:00
2014021077,ARI,PIT,2015 March 21 21:00:00
2014021078,EDM,PHI,2015 March 21 22:00:00
2014021079,DET,STL,2015 March 22 12:00:00
2014021080,TBL,BOS,2015 March 22 17:00:00
2014021081,NYR,ANA,2015 March 22 19:30:00
2014021082,ARI,VAN,2015 March 22 20:00:00
2014021083,NJD,LAK,2015 March 23 19:00:00
2014021084,CAR,CHI,2015 March 23 19:00:00
2014021085,TOR,MIN,2015 March 23 19:30:00
2014021086,OTT,SJS,2015 March 23 19:30:00
2014021087,DAL,BUF,2015 March 23 20:30:00
2014021088,CGY,COL,2015 March 23 21:00:00
2014021089,EDM,WPG,2015 March 23 21:30:00
2014021090,NYI,MIN,2015 March 24 19:00:00
2014021091,NYR,LAK,2015 March 24 19:00:00
2014021092,PIT,STL,2015 March 24 19:00:00
2014021093,CBJ,ANA,2015 March 24 19:00:00
2014021094,DET,ARI,2015 March 24 19:30:00
2014021095,TBL,FLA,2015 March 24 19:30:00
2014021096,NSH,MTL,2015 March 24 20:00:00
2014021097,VAN,WPG,2015 March 24 22:00:00
2014021098,PHI,CHI,2015 March 25 20:00:00
2014021099,EDM,COL,2015 March 25 20:00:00
2014021100,CGY,DAL,2015 March 25 22:00:00
2014021101,BOS,ANA,2015 March 26 19:00:00
2014021102,BUF,ARI,2015 March 26 19:00:00
2014021103,NYI,LAK,2015 March 26 19:00:00
2014021104,WSH,NJD,2015 March 26 19:00:00
2014021105,CAR,PIT,2015 March 26 19:00:00
2014021106,TOR,FLA,2015 March 26 19:30:00
2014021107,OTT,NYR,2015 March 26 19:30:00
2014021108,DET,SJS,2015 March 26 19:30:00
2014021109,TBL,NSH,2015 March 26 19:30:00
2014021110,WPG,MTL,2015 March 26 20:00:00
2014021111,VAN,COL,2015 March 26 22:00:00
2014021112,MIN,CGY,2015 March 27 20:00:00
2014021113,CHI,CBJ,2015 March 27 20:30:00
2014021114,EDM,DAL,2015 March 27 21:30:00
2014021115,WSH,NSH,2015 March 28 12:30:00
2014021116,BOS,NYR,2015 March 28 13:00:00
2014021117,NYI,ANA,2015 March 28 13:00:00
2014021118,PHI,SJS,2015 March 28 13:00:00
2014021119,PIT,ARI,2015 March 28 13:00:00
2014021120,DET,TBL,2015 March 28 14:00:00
2014021121,TOR,OTT,2015 March 28 19:00:00
2014021122,MTL,FLA,2015 March 28 19:00:00
2014021123,CAR,NJD,2015 March 28 19:00:00
2014021124,STL,CBJ,2015 March 28 20:00:00
2014021125,MIN,LAK,2015 March 28 20:00:00
2014021126,COL,BUF,2015 March 28 21:00:00
2014021127,VAN,DAL,2015 March 28 22:00:00
2014021128,NYR,WSH,2015 March 29 15:00:00
2014021129,OTT,FLA,2015 March 29 17:00:00
2014021130,NYI,DET,2015 March 29 17:00:00
2014021131,CAR,BOS,2015 March 29 17:00:00
2014021132,NSH,CGY,2015 March 29 17:00:00
2014021133,NJD,ANA,2015 March 29 19:00:00
2014021134,PIT,SJS,2015 March 29 19:30:00
2014021135,WPG,CHI,2015 March 29 19:30:00
2014021136,MTL,TBL,2015 March 30 19:30:00
2014021137,STL,VAN,2015 March 30 20:00:00
2014021138,CHI,LAK,2015 March 30 20:30:00
2014021139,DAL,CGY,2015 March 30 20:30:00
2014021140,COL,EDM,2015 March 30 21:00:00
2014021141,ARI,BUF,2015 March 30 22:00:00
2014021142,BOS,FLA,2015 March 31 19:00:00
2014021143,WSH,CAR,2015 March 31 19:00:00
2014021144,CBJ,NJD,2015 March 31 19:00:00
2014021145,TOR,TBL,2015 March 31 19:30:00
2014021146,DET,OTT,2015 March 31 19:30:00
2014021147,NSH,VAN,2015 March 31 20:00:00
2014021148,WPG,NYR,2015 March 31 20:00:00
2014021149,BUF,TOR,2015 April 01 19:30:00
2014021150,PIT,PHI,2015 April 01 20:00:00
2014021151,ANA,EDM,2015 April 01 22:00:00
2014021152,SJS,COL,2015 April 01 22:30:00
2014021153,CBJ,NYI,2015 April 02 19:00:00
2014021154,MTL,WSH,2015 April 02 19:30:00
2014021155,OTT,TBL,2015 April 02 19:30:00
2014021156,DET,BOS,2015 April 02 19:30:00
2014021157,FLA,CAR,2015 April 02 19:30:00
2014021158,STL,CGY,2015 April 02 20:00:00
2014021159,MIN,NYR,2015 April 02 20:00:00
2014021160,CHI,VAN,2015 April 02 20:30:00
2014021161,LAK,EDM,2015 April 02 22:30:00
2014021162,BUF,CHI,2015 April 03 19:00:00
2014021163,NJD,MTL,2015 April 03 19:00:00
2014021164,DAL,STL,2015 April 03 20:30:00
2014021165,ANA,COL,2015 April 03 22:00:00
2014021166,SJS,ARI,2015 April 03 22:00:00
2014021167,CAR,PHI,2015 April 04 13:00:00
2014021168,CBJ,PIT,2015 April 04 14:00:00
2014021169,WPG,VAN,2015 April 04 15:00:00
2014021170,BOS,TOR,2015 April 04 19:00:00
2014021171,OTT,WSH,2015 April 04 19:00:00
2014021172,FLA,TBL,2015 April 04 19:00:00
2014021173,NYI,BUF,2015 April 04 19:00:00
2014021174,NYR,NJD,2015 April 04 19:00:00
2014021175,MIN,DET,2015 April 04 19:00:00
2014021176,NSH,DAL,2015 April 04 20:00:00
2014021177,ARI,SJS,2015 April 04 21:00:00
2014021178,EDM,CGY,2015 April 04 22:00:00
2014021179,LAK,COL,2015 April 04 22:00:00
2014021180,DET,WSH,2015 April 05 17:00:00
2014021181,FLA,MTL,2015 April 05 17:00:00
2014021182,TOR,OTT,2015 April 05 19:30:00
2014021183,PHI,PIT,2015 April 05 12:30:00
2014021184,CHI,STL,2015 April 05 19:30:00
2014021185,BUF,CAR,2015 April 06 19:00:00
2014021186,NYR,CBJ,2015 April 06 19:00:00
2014021187,MIN,WPG,2015 April 06 20:00:00
2014021188,VAN,LAK,2015 April 06 22:00:00
2014021189,SJS,DAL,2015 April 06 22:30:00
2014021190,NJD,NYR,2015 April 07 19:00:00
2014021191,PHI,NYI,2015 April 07 19:00:00
2014021192,OTT,PIT,2015 April 07 19:30:00
2014021193,DET,CAR,2015 April 07 19:30:00
2014021194,TBL,MTL,2014 October 13 19:30:00
2014021195,STL,WPG,2015 April 07 20:00:00
2014021196,CHI,MIN,2015 April 07 20:30:00
2014021197,COL,NSH,2015 April 07 21:00:00
2014021198,CGY,ARI,2015 April 07 21:00:00
2014021199,EDM,LAK,2015 April 07 21:30:00
2014021200,CBJ,TOR,2015 April 08 19:30:00
2014021201,WSH,BOS,2015 April 08 20:00:00
2014021202,ANA,DAL,2015 April 08 22:30:00
2014021203,NYR,OTT,2015 April 09 19:00:00
2014021204,PHI,CAR,2015 April 09 19:00:00
2014021205,MTL,DET,2015 April 09 19:30:00
2014021206,TBL,NJD,2015 April 09 19:30:00
2014021207,FLA,BOS,2015 April 09 19:30:00
2014021208,STL,CHI,2015 April 09 20:00:00
2014021209,NSH,MIN,2015 April 09 20:00:00
2014021210,COL,WPG,2015 April 09 21:00:00
2014021211,CGY,LAK,2015 April 09 21:00:00
2014021212,EDM,SJS,2015 April 09 21:30:00
2014021213,VAN,ARI,2015 April 09 22:00:00
2014021214,PIT,NYI,2015 April 10 19:00:00
2014021215,CBJ,BUF,2015 April 10 19:00:00
2014021216,PHI,OTT,2015 April 11 12:30:00
2014021217,WSH,NYR,2015 April 11 12:30:00
2014021218,WPG,CGY,2015 April 11 15:00:00
2014021219,LAK,SJS,2015 April 11 15:00:00
2014021220,BUF,PIT,2015 April 11 19:00:00
2014021221,TOR,MTL,2015 April 11 19:00:00
2014021222,FLA,NJD,2015 April 11 19:00:00
2014021223,NYI,CBJ,2015 April 11 19:00:00
2014021224,CAR,DET,2015 April 11 19:00:00
2014021225,TBL,BOS,2015 April 11 19:30:00
2014021226,STL,MIN,2015 April 11 15:00:00
2014021227,DAL,NSH,2015 April 11 20:00:00
2014021228,COL,CHI,2015 April 11 21:00:00
2014021229,ARI,ANA,2015 April 11 21:00:00
2014021230,VAN,EDM,2015 April 11 22:00:00
