id,homeAbbrev,awayAbbrev,est
2024020001,BUF,NJD,2024 October 04 13:00:00
2024020002,NJD,BUF,2024 October 05 10:00:00
2024020003,SEA,STL,2024 October 08 16:30:00
2024020004,FLA,BOS,2024 October 08 19:00:00
2024020005,UTA,CHI,2024 October 08 22:00:00
2024020006,MTL,TOR,2024 October 09 19:00:00
2024020007,PIT,NYR,2024 October 09 19:30:00
2024020008,EDM,WPG,2024 October 09 22:00:00
2024020009,VAN,CGY,2024 October 09 22:00:00
2024020010,VGK,COL,2024 October 09 22:00:00
2024020011,BOS,MTL,2024 October 10 19:00:00
2024020012,BUF,LAK,2024 October 10 19:00:00
2024020013,OTT,FLA,2024 October 10 19:00:00
2024020014,DET,PIT,2024 October 10 20:00:00
2024020015,NJD,TOR,2024 October 10 19:00:00
2024020016,NYI,UTA,2024 October 10 19:30:00
2024020017,NSH,DAL,2024 October 10 20:00:00
2024020018,MIN,CBJ,2024 October 10 20:00:00
2024020019,SJS,STL,2024 October 10 22:30:00
2024020020,CAR,TBL,2024 October 11 19:00:00
2024020021,WPG,CHI,2024 October 11 20:00:00
2024020022,VAN,PHI,2024 October 11 22:00:00
2024020023,VGK,STL,2024 October 11 22:00:00
2024020024,BOS,LAK,2024 October 12 13:00:00
2024020025,BUF,FLA,2024 October 12 19:00:00
2024020026,TOR,PIT,2024 October 12 19:00:00
2024020027,MTL,OTT,2024 October 12 19:00:00
2024020028,DET,NSH,2024 October 12 19:00:00
2024020029,TBL,CAR,2025 January 07 19:00:00
2024020030,NYR,UTA,2024 October 12 19:00:00
2024020031,WSH,NJD,2024 October 12 19:00:00
2024020032,DAL,NYI,2024 October 12 20:00:00
2024020033,MIN,SEA,2024 October 12 20:00:00
2024020034,COL,CBJ,2024 October 12 21:00:00
2024020035,CGY,PHI,2024 October 12 22:00:00
2024020036,EDM,CHI,2024 October 12 22:00:00
2024020037,SJS,ANA,2024 October 12 22:00:00
2024020038,WPG,MIN,2024 October 13 18:00:00
2024020039,DAL,SEA,2024 October 13 20:00:00
2024020040,EDM,CGY,2024 October 13 20:00:00
2024020041,VGK,ANA,2024 October 13 22:00:00
2024020042,BOS,FLA,2024 October 14 13:00:00
2024020043,OTT,LAK,2024 October 14 13:00:00
2024020044,NJD,UTA,2024 October 14 13:00:00
2024020045,NYR,DET,2024 October 14 19:00:00
2024020046,MTL,PIT,2024 October 14 19:30:00
2024020047,COL,NYI,2024 October 14 21:00:00
2024020048,TBL,VAN,2024 October 15 19:00:00
2024020049,WSH,VGK,2024 October 15 19:00:00
2024020050,CAR,NJD,2024 October 15 19:00:00
2024020051,CBJ,FLA,2024 October 15 19:00:00
2024020052,STL,MIN,2024 October 15 19:30:00
2024020053,NSH,SEA,2024 October 15 20:00:00
2024020054,DAL,SJS,2024 October 15 20:00:00
2024020055,CGY,CHI,2024 October 15 21:00:00
2024020056,EDM,PHI,2024 October 15 22:00:00
2024020057,PIT,BUF,2024 October 16 19:00:00
2024020058,TOR,LAK,2024 October 16 19:30:00
2024020059,COL,BOS,2024 October 16 21:30:00
2024020060,ANA,UTA,2024 October 16 22:00:00
2024020061,MTL,LAK,2024 October 17 19:00:00
2024020062,OTT,NJD,2024 October 17 19:00:00
2024020063,DET,NYR,2024 October 17 19:30:00
2024020064,TBL,VGK,2024 October 17 19:00:00
2024020065,FLA,VAN,2024 October 17 19:00:00
2024020066,WSH,DAL,2024 October 17 19:00:00
2024020067,CBJ,BUF,2024 October 17 19:00:00
2024020068,STL,NYI,2024 October 17 20:00:00
2024020069,NSH,EDM,2024 October 17 20:00:00
2024020070,CHI,SJS,2024 October 17 20:30:00
2024020071,SEA,PHI,2024 October 17 22:00:00
2024020072,PIT,CAR,2024 October 18 19:00:00
2024020073,WPG,SJS,2024 October 18 20:00:00
2024020074,COL,ANA,2024 October 18 21:00:00
2024020075,OTT,TBL,2024 October 19 13:00:00
2024020076,NSH,DET,2024 October 19 14:00:00
2024020077,DAL,EDM,2024 October 19 16:00:00
2024020078,FLA,VGK,2024 October 19 18:00:00
2024020079,TOR,NYR,2024 October 19 19:00:00
2024020080,NJD,WSH,2024 October 19 19:00:00
2024020081,NYI,MTL,2024 October 19 19:00:00
2024020082,PHI,VAN,2024 October 19 19:00:00
2024020083,CBJ,MIN,2024 October 19 19:00:00
2024020084,STL,CAR,2024 October 19 19:00:00
2024020085,CHI,BUF,2024 October 19 20:00:00
2024020086,UTA,BOS,2024 October 19 21:00:00
2024020087,SEA,CGY,2024 October 19 22:00:00
2024020088,WPG,PIT,2024 October 20 15:00:00
2024020089,SJS,COL,2024 October 20 20:00:00
2024020090,ANA,LAK,2024 October 20 20:00:00
2024020091,TOR,TBL,2024 October 21 19:30:00
2024020092,PHI,WSH,2024 October 22 18:00:00
2024020093,FLA,MIN,2024 October 22 18:30:00
2024020094,NJD,TBL,2024 October 22 18:45:00
2024020095,BUF,DAL,2024 October 22 19:00:00
2024020096,MTL,NYR,2024 October 22 19:15:00
2024020097,CBJ,TOR,2024 October 22 19:30:00
2024020098,NYI,DET,2024 October 22 19:45:00
2024020099,STL,WPG,2024 October 22 20:00:00
2024020100,CHI,VAN,2024 October 22 20:15:00
2024020101,NSH,BOS,2024 October 22 20:45:00
2024020102,CGY,PIT,2024 October 22 21:30:00
2024020103,EDM,CAR,2024 October 22 21:00:00
2024020104,UTA,OTT,2024 October 22 21:15:00
2024020105,ANA,SJS,2024 October 22 22:15:00
2024020106,SEA,COL,2024 October 22 20:30:00
2024020107,VGK,LAK,2024 October 22 23:00:00
2024020108,WSH,PHI,2024 October 23 19:30:00
2024020109,BOS,DAL,2024 October 24 19:00:00
2024020110,TOR,STL,2024 October 24 19:00:00
2024020111,DET,NJD,2024 October 24 19:00:00
2024020112,TBL,MIN,2024 October 24 19:00:00
2024020113,NYR,FLA,2024 October 24 19:00:00
2024020114,CGY,CAR,2024 October 24 21:00:00
2024020115,UTA,COL,2024 October 24 21:00:00
2024020116,SEA,WPG,2024 October 24 22:00:00
2024020117,LAK,SJS,2024 October 24 22:30:00
2024020118,VGK,OTT,2024 October 25 18:00:00
2024020119,NJD,NYI,2024 October 25 19:00:00
2024020120,CHI,NSH,2024 October 25 20:30:00
2024020121,EDM,PIT,2024 October 25 21:00:00
2024020122,BUF,DET,2024 October 26 13:00:00
2024020123,PHI,MIN,2024 October 26 13:00:00
2024020124,LAK,UTA,2024 October 26 16:00:00
2024020125,BOS,TOR,2024 October 26 19:00:00
2024020126,MTL,STL,2024 October 26 19:00:00
2024020127,TBL,WSH,2024 October 26 19:00:00
2024020128,NYR,ANA,2024 October 26 19:00:00
2024020129,CGY,WPG,2024 October 26 19:00:00
2024020130,NYI,FLA,2024 October 26 19:30:00
2024020131,NSH,CBJ,2024 October 26 20:00:00
2024020132,DAL,CHI,2024 October 26 20:00:00
2024020133,VAN,PIT,2024 October 26 22:00:00
2024020134,VGK,SJS,2024 October 26 22:00:00
2024020135,SEA,CAR,2024 October 26 22:00:00
2024020136,DET,EDM,2024 October 27 18:00:00
2024020137,NJD,ANA,2024 October 27 19:00:00
2024020138,PHI,MTL,2024 October 27 19:00:00
2024020139,COL,OTT,2024 October 27 21:00:00
2024020140,BUF,FLA,2024 October 28 19:00:00
2024020141,TBL,NSH,2024 October 28 19:30:00
2024020142,CBJ,EDM,2024 October 28 19:00:00
2024020143,WPG,TOR,2024 October 28 19:30:00
2024020144,COL,CHI,2024 October 28 21:00:00
2024020145,UTA,SJS,2024 October 28 21:00:00
2024020146,VAN,CAR,2024 October 28 22:00:00
2024020147,VGK,CGY,2024 October 28 22:00:00
2024020148,BOS,PHI,2024 October 29 19:00:00
2024020149,MTL,SEA,2024 October 29 19:00:00
2024020150,OTT,STL,2024 October 29 19:00:00
2024020151,WSH,NYR,2024 October 29 19:30:00
2024020152,NYI,ANA,2024 October 29 19:00:00
2024020153,PIT,MIN,2024 October 29 19:00:00
2024020154,SJS,LAK,2024 October 29 22:00:00
2024020155,CBJ,NYI,2024 October 30 19:00:00
2024020156,DET,WPG,2024 October 30 19:30:00
2024020157,COL,TBL,2024 October 30 21:00:00
2024020158,UTA,CGY,2024 October 30 21:30:00
2024020159,VAN,NJD,2024 October 30 22:30:00
2024020160,LAK,VGK,2024 October 30 22:00:00
2024020161,TOR,SEA,2024 October 31 19:00:00
2024020162,PHI,STL,2024 October 31 19:00:00
2024020163,PIT,ANA,2024 October 31 19:00:00
2024020164,WSH,MTL,2024 October 31 19:00:00
2024020165,CAR,BOS,2024 October 31 19:00:00
2024020166,NSH,EDM,2024 October 31 20:00:00
2024020167,SJS,CHI,2024 October 31 22:30:00
2024020168,DAL,FLA,2024 November 01 14:00:00
2024020169,BUF,NYI,2024 November 01 19:00:00
2024020170,NYR,OTT,2024 November 01 19:00:00
2024020171,CBJ,WPG,2024 November 01 19:00:00
2024020172,MIN,TBL,2024 November 01 20:00:00
2024020173,CGY,NJD,2024 November 01 21:00:00
2024020174,FLA,DAL,2024 November 02 12:00:00
2024020175,PHI,BOS,2024 November 02 13:00:00
2024020176,LAK,CHI,2024 November 02 16:00:00
2024020177,WSH,CBJ,2024 November 02 17:00:00
2024020178,OTT,SEA,2024 November 02 19:00:00
2024020179,DET,BUF,2024 November 02 19:00:00
2024020180,PIT,MTL,2024 November 02 19:00:00
2024020181,STL,TOR,2024 November 02 19:00:00
2024020182,NSH,COL,2024 November 02 20:00:00
2024020183,VGK,UTA,2024 November 02 22:00:00
2024020184,SJS,VAN,2024 November 02 22:00:00
2024020185,NYR,NYI,2024 November 03 13:00:00
2024020186,WPG,TBL,2024 November 03 15:00:00
2024020187,BOS,SEA,2024 November 03 17:00:00
2024020188,CAR,WSH,2024 November 03 17:00:00
2024020189,MIN,TOR,2024 November 03 18:00:00
2024020190,CGY,EDM,2024 November 03 20:00:00
2024020191,ANA,CHI,2024 November 03 20:00:00
2024020192,NSH,LAK,2024 November 04 20:00:00
2024020193,EDM,NJD,2024 November 04 20:30:00
2024020194,BUF,OTT,2024 November 05 19:00:00
2024020195,TOR,BOS,2024 November 05 19:00:00
2024020196,MTL,CGY,2024 November 05 19:00:00
2024020197,CAR,PHI,2024 November 05 19:00:00
2024020198,NYI,PIT,2024 November 05 19:30:00
2024020199,STL,TBL,2024 November 05 20:00:00
2024020200,MIN,LAK,2024 November 05 20:00:00
2024020201,WPG,UTA,2024 November 05 20:00:00
2024020202,COL,SEA,2024 November 05 21:00:00
2024020203,ANA,VAN,2024 November 05 22:00:00
2024020204,SJS,CBJ,2024 November 05 22:30:00
2024020205,WSH,NSH,2024 November 06 19:00:00
2024020206,CHI,DET,2024 November 06 20:00:00
2024020207,EDM,VGK,2024 November 06 20:30:00
2024020208,BOS,CGY,2024 November 07 19:00:00
2024020209,OTT,NYI,2024 November 07 19:00:00
2024020210,TBL,PHI,2024 November 07 19:30:00
2024020211,FLA,NSH,2024 November 07 19:00:00
2024020212,NJD,MTL,2024 November 07 19:00:00
2024020213,NYR,BUF,2024 November 07 19:00:00
2024020214,CAR,PIT,2024 November 07 19:00:00
2024020215,STL,UTA,2024 November 07 20:00:00
2024020216,DAL,CHI,2024 November 07 20:00:00
2024020217,WPG,COL,2024 November 07 20:00:00
2024020218,LAK,VAN,2024 November 07 22:30:00
2024020219,SJS,MIN,2024 November 07 22:30:00
2024020220,TOR,DET,2024 November 08 19:00:00
2024020221,WSH,PIT,2024 November 08 19:30:00
2024020222,ANA,MIN,2024 November 08 22:00:00
2024020223,SEA,VGK,2024 November 08 22:00:00
2024020224,BUF,CGY,2024 November 09 13:00:00
2024020225,FLA,PHI,2024 November 09 18:00:00
2024020226,BOS,OTT,2024 November 09 19:00:00
2024020227,TOR,MTL,2024 November 09 19:00:00
2024020228,DET,NYR,2024 November 09 19:00:00
2024020229,STL,WSH,2024 November 09 19:00:00
2024020230,WPG,DAL,2024 November 09 15:00:00
2024020231,NYI,NJD,2024 November 09 19:30:00
2024020232,NSH,UTA,2024 November 09 20:00:00
2024020233,COL,CAR,2024 November 09 21:00:00
2024020234,LAK,CBJ,2024 November 09 21:00:00
2024020235,VAN,EDM,2024 November 09 22:00:00
2024020236,NJD,SJS,2024 November 10 19:00:00
2024020237,CHI,MIN,2024 November 10 19:00:00
2024020238,ANA,CBJ,2024 November 10 20:00:00
2024020239,BUF,MTL,2024 November 11 12:30:00
2024020240,PHI,SJS,2024 November 11 19:00:00
2024020241,PIT,DAL,2024 November 11 19:00:00
2024020242,CGY,LAK,2024 November 11 20:30:00
2024020243,COL,NSH,2024 November 11 21:00:00
2024020244,VGK,CAR,2024 November 11 22:00:00
2024020245,TOR,OTT,2024 November 12 19:00:00
2024020246,FLA,NJD,2024 November 12 19:30:00
2024020247,NYR,WPG,2024 November 12 19:00:00
2024020248,STL,BOS,2024 November 12 20:00:00
2024020249,EDM,NYI,2024 November 12 21:00:00
2024020250,VAN,CGY,2024 November 12 22:00:00
2024020251,SEA,CBJ,2024 November 12 22:00:00
2024020252,PIT,DET,2024 November 13 19:30:00
2024020253,WSH,TOR,2024 November 13 19:30:00
2024020254,UTA,CAR,2024 November 13 21:00:00
2024020255,COL,LAK,2024 November 13 22:00:00
2024020256,ANA,VGK,2024 November 13 22:00:00
2024020257,BUF,STL,2024 November 14 19:30:00
2024020258,OTT,PHI,2024 November 14 19:00:00
2024020259,TBL,WPG,2024 November 14 19:00:00
2024020260,FLA,NJD,2024 November 14 19:00:00
2024020261,NYR,SJS,2024 November 14 19:00:00
2024020262,DAL,BOS,2024 November 14 20:00:00
2024020263,MIN,MTL,2024 November 14 20:00:00
2024020264,EDM,NSH,2024 November 14 21:00:00
2024020265,VAN,NYI,2024 November 14 22:00:00
2024020266,SEA,CHI,2024 November 14 22:00:00
2024020267,CBJ,PIT,2024 November 15 19:00:00
2024020268,COL,WSH,2024 November 15 21:00:00
2024020269,CGY,NSH,2024 November 15 21:00:00
2024020270,UTA,VGK,2024 November 15 21:00:00
2024020271,ANA,DET,2024 November 15 22:00:00
2024020272,BOS,STL,2024 November 16 13:00:00
2024020273,SEA,NYI,2024 November 16 16:00:00
2024020274,TOR,EDM,2024 November 16 19:00:00
2024020275,MTL,CBJ,2024 November 16 19:00:00
2024020276,TBL,NJD,2024 November 16 19:00:00
2024020277,FLA,WPG,2024 November 16 19:00:00
2024020278,PHI,BUF,2024 November 16 19:00:00
2024020279,PIT,SJS,2024 November 16 19:00:00
2024020280,CAR,OTT,2024 November 16 19:00:00
2024020281,MIN,DAL,2024 November 16 20:00:00
2024020282,LAK,DET,2024 November 16 20:00:00
2024020283,VAN,CHI,2024 November 16 22:00:00
2024020284,CAR,STL,2024 November 17 17:00:00
2024020285,VAN,NSH,2024 November 17 22:00:00
2024020286,VGK,WSH,2024 November 17 20:00:00
2024020287,SEA,NYR,2024 November 17 21:00:00
2024020288,BOS,CBJ,2024 November 18 19:00:00
2024020289,PHI,COL,2024 November 18 19:00:00
2024020290,MTL,EDM,2024 November 18 19:30:00
2024020291,DAL,ANA,2024 November 18 20:00:00
2024020292,UTA,WSH,2024 November 18 21:00:00
2024020293,SJS,DET,2024 November 18 22:30:00
2024020294,OTT,EDM,2024 November 19 19:00:00
2024020295,PIT,TBL,2024 November 19 19:00:00
2024020296,STL,MIN,2024 November 19 20:00:00
2024020297,WPG,FLA,2024 November 19 20:00:00
2024020298,CHI,ANA,2024 November 19 20:30:00
2024020299,CGY,NYI,2024 November 19 21:00:00
2024020300,VAN,NYR,2024 November 19 22:00:00
2024020301,TOR,VGK,2024 November 20 19:30:00
2024020302,PHI,CAR,2024 November 20 19:30:00
2024020303,DAL,SJS,2024 November 20 20:00:00
2024020304,SEA,NSH,2024 November 20 22:00:00
2024020305,LAK,BUF,2024 November 20 22:30:00
2024020306,BOS,UTA,2024 November 21 19:00:00
2024020307,OTT,VGK,2024 November 21 19:00:00
2024020308,DET,NYI,2024 November 21 19:00:00
2024020309,NJD,CAR,2024 November 21 19:00:00
2024020310,WSH,COL,2024 November 21 19:00:00
2024020311,CBJ,TBL,2024 November 21 19:00:00
2024020312,STL,SJS,2024 November 21 20:00:00
2024020313,CHI,FLA,2024 November 21 20:30:00
2024020314,CGY,NYR,2024 November 21 21:00:00
2024020315,EDM,MIN,2024 November 21 21:00:00
2024020316,PIT,WPG,2024 November 22 19:00:00
2024020317,ANA,BUF,2024 November 22 22:00:00
2024020318,PHI,CHI,2024 November 23 13:00:00
2024020319,CGY,MIN,2024 November 23 16:00:00
2024020320,LAK,SEA,2024 November 23 16:00:00
2024020321,FLA,COL,2024 November 23 18:00:00
2024020322,MTL,VGK,2024 November 23 19:00:00
2024020323,OTT,VAN,2024 November 23 19:00:00
2024020324,DET,BOS,2024 November 23 19:00:00
2024020325,TBL,DAL,2024 November 23 19:00:00
2024020326,PIT,UTA,2024 November 23 19:00:00
2024020327,WSH,NJD,2024 November 23 19:00:00
2024020328,CBJ,CAR,2024 November 23 19:00:00
2024020329,NSH,WPG,2024 November 23 19:00:00
2024020330,NYI,STL,2024 November 23 19:30:00
2024020331,SJS,BUF,2024 November 23 20:00:00
2024020332,EDM,NYR,2024 November 23 22:00:00
2024020333,TOR,UTA,2024 November 24 19:00:00
2024020334,TBL,COL,2024 November 25 19:00:00
2024020335,FLA,WSH,2024 November 25 19:00:00
2024020336,NJD,NSH,2024 November 25 19:00:00
2024020337,NYR,STL,2024 November 25 19:00:00
2024020338,PHI,VGK,2024 November 25 19:00:00
2024020339,CAR,DAL,2024 November 25 19:00:00
2024020340,OTT,CGY,2024 November 25 19:30:00
2024020341,NYI,DET,2024 November 25 19:30:00
2024020342,MIN,WPG,2024 November 25 20:00:00
2024020343,ANA,SEA,2024 November 25 22:00:00
2024020344,SJS,LAK,2024 November 25 22:30:00
2024020345,BOS,VAN,2024 November 26 19:00:00
2024020346,MTL,UTA,2024 November 26 19:00:00
2024020347,BUF,MIN,2024 November 27 19:00:00
2024020348,NJD,STL,2024 November 27 19:00:00
2024020349,CAR,NYR,2024 November 27 19:00:00
2024020350,DET,CGY,2024 November 27 19:30:00
2024020351,TBL,WSH,2024 November 27 19:30:00
2024020352,FLA,TOR,2024 November 27 19:30:00
2024020353,NYI,BOS,2024 November 27 19:30:00
2024020354,PIT,VAN,2024 November 27 19:30:00
2024020355,CBJ,MTL,2024 November 27 19:30:00
2024020356,NSH,PHI,2024 November 27 20:00:00
2024020357,CHI,DAL,2024 November 27 20:30:00
2024020358,COL,VGK,2024 November 27 22:00:00
2024020359,LAK,WPG,2024 November 27 22:00:00
2024020360,SEA,ANA,2024 November 27 22:00:00
2024020361,SJS,OTT,2024 November 27 22:30:00
2024020362,PHI,NYR,2024 November 29 13:00:00
2024020363,MIN,CHI,2024 November 29 14:00:00
2024020364,BUF,VAN,2024 November 29 15:00:00
2024020365,DET,NJD,2024 November 29 15:00:00
2024020366,WSH,NYI,2024 November 29 15:00:00
2024020367,CAR,FLA,2024 November 29 15:00:00
2024020368,CBJ,CGY,2024 November 29 15:00:00
2024020369,NSH,TBL,2024 November 29 15:00:00
2024020370,ANA,LAK,2024 November 29 15:30:00
2024020371,SJS,SEA,2024 November 29 15:30:00
2024020372,BOS,PIT,2024 November 29 18:30:00
2024020373,DAL,COL,2024 November 29 21:00:00
2024020374,VGK,WPG,2024 November 29 20:30:00
2024020375,UTA,EDM,2024 November 29 21:00:00
2024020376,NYR,MTL,2024 November 30 13:00:00
2024020377,FLA,CAR,2024 November 30 16:00:00
2024020378,TBL,TOR,2024 November 30 19:00:00
2024020379,NJD,WSH,2024 November 30 19:00:00
2024020380,PIT,CGY,2024 November 30 19:00:00
2024020381,STL,PHI,2024 November 30 19:00:00
2024020382,LAK,OTT,2024 November 30 19:00:00
2024020383,NYI,BUF,2024 November 30 19:30:00
2024020384,MIN,NSH,2024 November 30 20:00:00
2024020385,COL,EDM,2024 November 30 22:00:00
2024020386,VGK,UTA,2024 November 30 22:00:00
2024020387,SEA,SJS,2024 November 30 22:00:00
2024020388,DET,VAN,2024 December 01 12:30:00
2024020389,BOS,MTL,2024 December 01 15:00:00
2024020390,CHI,CBJ,2024 December 01 15:00:00
2024020391,DAL,WPG,2024 December 01 16:30:00
2024020392,ANA,OTT,2024 December 01 20:00:00
2024020393,NYR,NJD,2024 December 02 19:00:00
2024020394,TOR,CHI,2024 December 02 19:30:00
2024020395,UTA,DAL,2024 December 02 21:00:00
2024020396,BOS,DET,2024 December 03 19:00:00
2024020397,BUF,COL,2024 December 03 19:00:00
2024020398,MTL,NYI,2024 December 03 19:00:00
2024020399,PIT,FLA,2024 December 03 19:00:00
2024020400,WSH,SJS,2024 December 03 19:00:00
2024020401,CAR,SEA,2024 December 03 19:00:00
2024020402,MIN,VAN,2024 December 03 20:00:00
2024020403,WPG,STL,2024 December 03 20:00:00
2024020404,CGY,CBJ,2024 December 03 21:00:00
2024020405,VGK,EDM,2024 December 03 22:00:00
2024020406,TOR,NSH,2024 December 04 19:30:00
2024020407,CHI,BOS,2024 December 04 19:30:00
2024020408,ANA,VGK,2024 December 04 22:00:00
2024020409,LAK,DAL,2024 December 04 22:00:00
2024020410,BUF,WPG,2024 December 05 19:00:00
2024020411,MTL,NSH,2024 December 05 19:00:00
2024020412,OTT,DET,2024 December 05 19:00:00
2024020413,TBL,SJS,2024 December 05 19:00:00
2024020414,PHI,FLA,2024 December 05 19:00:00
2024020415,CAR,COL,2024 December 05 19:00:00
2024020416,NYI,SEA,2024 December 05 19:30:00
2024020417,CGY,STL,2024 December 05 21:00:00
2024020418,EDM,CBJ,2024 December 05 21:00:00
2024020419,TOR,WSH,2024 December 06 19:00:00
2024020420,NJD,SEA,2024 December 06 19:00:00
2024020421,NYR,PIT,2024 December 06 19:30:00
2024020422,VAN,CBJ,2024 December 06 22:00:00
2024020423,VGK,DAL,2024 December 06 22:00:00
2024020424,ANA,MIN,2024 December 06 22:00:00
2024020425,BOS,PHI,2024 December 07 13:00:00
2024020426,BUF,UTA,2024 December 07 13:00:00
2024020427,CHI,WPG,2024 December 07 16:00:00
2024020428,NYI,CAR,2024 December 07 17:00:00
2024020429,FLA,SJS,2024 December 07 18:00:00
2024020430,MTL,WSH,2024 December 07 19:00:00
2024020431,OTT,NSH,2024 December 07 19:00:00
2024020432,DET,COL,2024 December 07 19:00:00
2024020433,PIT,TOR,2024 December 07 19:00:00
2024020434,LAK,MIN,2024 December 07 20:00:00
2024020435,EDM,STL,2024 December 07 22:00:00
2024020436,NYR,SEA,2024 December 08 13:00:00
2024020437,VAN,TBL,2024 December 08 16:00:00
2024020438,OTT,NYI,2024 December 08 17:00:00
2024020439,WPG,CBJ,2024 December 08 18:00:00
2024020440,NJD,COL,2024 December 08 19:00:00
2024020441,PHI,UTA,2024 December 08 19:30:00
2024020442,DAL,CGY,2024 December 08 20:00:00
2024020443,BUF,DET,2024 December 09 19:00:00
2024020444,NYR,CHI,2024 December 09 19:00:00
2024020445,MTL,ANA,2024 December 09 19:30:00
2024020446,NJD,TOR,2024 December 10 19:00:00
2024020447,PIT,COL,2024 December 10 19:00:00
2024020448,CAR,SJS,2024 December 10 19:00:00
2024020449,CBJ,PHI,2024 December 10 19:00:00
2024020450,NYI,LAK,2024 December 10 19:30:00
2024020451,NSH,CGY,2024 December 10 20:00:00
2024020452,WPG,BOS,2024 December 10 20:00:00
2024020453,EDM,TBL,2024 December 10 21:00:00
2024020454,UTA,MIN,2024 December 10 21:30:00
2024020455,VAN,STL,2024 December 10 22:00:00
2024020456,SEA,FLA,2024 December 10 22:00:00
2024020457,BUF,NYR,2024 December 11 19:00:00
2024020458,OTT,ANA,2024 December 11 19:30:00
2024020459,TOR,ANA,2024 December 12 19:00:00
2024020460,MTL,PIT,2024 December 12 19:00:00
2024020461,NJD,LAK,2024 December 12 19:00:00
2024020462,PHI,DET,2024 December 12 19:00:00
2024020463,CBJ,WSH,2024 December 12 19:00:00
2024020464,NYI,CHI,2024 December 12 19:30:00
2024020465,STL,SJS,2024 December 12 20:00:00
2024020466,DAL,NSH,2024 December 12 20:00:00
2024020467,MIN,EDM,2024 December 12 20:30:00
2024020468,WPG,VGK,2024 December 12 20:00:00
2024020469,COL,UTA,2024 December 12 21:00:00
2024020470,CGY,TBL,2024 December 12 21:00:00
2024020471,VAN,FLA,2024 December 12 22:00:00
2024020472,SEA,BOS,2024 December 12 22:00:00
2024020473,CAR,OTT,2024 December 13 19:00:00
2024020474,NJD,CHI,2024 December 14 13:00:00
2024020475,NYR,LAK,2024 December 14 13:00:00
2024020476,MIN,PHI,2024 December 14 14:00:00
2024020477,EDM,VGK,2024 December 14 16:00:00
2024020478,OTT,PIT,2024 December 14 19:00:00
2024020479,DET,TOR,2024 December 14 19:00:00
2024020480,WSH,BUF,2024 December 14 19:00:00
2024020481,CBJ,ANA,2024 December 14 19:00:00
2024020482,WPG,MTL,2024 December 14 19:00:00
2024020483,DAL,STL,2024 December 14 20:00:00
2024020484,COL,NSH,2024 December 14 21:00:00
2024020485,CGY,FLA,2024 December 14 22:00:00
2024020486,VAN,BOS,2024 December 14 22:00:00
2024020487,SJS,UTA,2024 December 14 22:00:00
2024020488,SEA,TBL,2024 December 14 22:00:00
2024020489,CHI,NYI,2024 December 15 15:00:00
2024020490,TOR,BUF,2024 December 15 17:00:00
2024020491,CAR,CBJ,2024 December 15 17:00:00
2024020492,STL,NYR,2024 December 15 18:00:00
2024020493,MIN,VGK,2024 December 15 18:00:00
2024020494,DAL,WSH,2024 December 16 20:00:00
2024020495,EDM,FLA,2024 December 16 20:30:00
2024020496,VAN,COL,2024 December 16 22:30:00
2024020497,MTL,BUF,2024 December 17 19:00:00
2024020498,TBL,CBJ,2024 December 17 19:00:00
2024020499,PIT,LAK,2024 December 17 19:00:00
2024020500,CAR,NYI,2024 December 17 19:30:00
2024020501,STL,NJD,2024 December 17 20:00:00
2024020502,NSH,NYR,2024 December 17 20:00:00
2024020503,CHI,WSH,2024 December 17 20:30:00
2024020504,CGY,BOS,2024 December 17 21:00:00
2024020505,SEA,OTT,2024 December 17 22:00:00
2024020506,SJS,WPG,2024 December 17 22:30:00
2024020507,DET,PHI,2024 December 18 19:00:00
2024020508,DAL,TOR,2024 December 18 19:30:00
2024020509,MIN,FLA,2024 December 18 21:30:00
2024020510,UTA,VAN,2024 December 18 22:00:00
2024020511,ANA,WPG,2024 December 18 22:00:00
2024020512,TBL,STL,2024 December 19 19:00:00
2024020513,PHI,LAK,2024 December 19 19:30:00
2024020514,CBJ,NJD,2024 December 19 19:00:00
2024020515,NSH,PIT,2024 December 19 20:00:00
2024020516,CHI,SEA,2024 December 19 20:30:00
2024020517,CGY,OTT,2024 December 19 21:00:00
2024020518,EDM,BOS,2024 December 19 21:00:00
2024020519,VGK,VAN,2024 December 19 22:00:00
2024020520,SJS,COL,2024 December 19 22:30:00
2024020521,BUF,TOR,2024 December 20 19:00:00
2024020522,DET,MTL,2024 December 20 19:00:00
2024020523,FLA,STL,2024 December 20 19:00:00
2024020524,WSH,CAR,2024 December 20 19:00:00
2024020525,DAL,NYR,2024 December 20 20:00:00
2024020526,MIN,UTA,2024 December 20 20:00:00
2024020527,ANA,COL,2024 December 20 22:00:00
2024020528,NSH,LAK,2024 December 21 13:30:00
2024020529,CGY,CHI,2024 December 21 16:00:00
2024020530,EDM,SJS,2024 December 21 16:00:00
2024020531,BOS,BUF,2024 December 21 19:00:00
2024020532,TOR,NYI,2024 December 21 19:00:00
2024020533,MTL,DET,2024 December 21 19:00:00
2024020534,NJD,PIT,2024 December 21 19:00:00
2024020535,PHI,CBJ,2024 December 21 19:00:00
2024020536,WPG,MIN,2024 December 21 19:00:00
2024020537,VAN,OTT,2024 December 21 22:00:00
2024020538,VGK,SEA,2024 December 21 22:00:00
2024020539,NYR,CAR,2024 December 22 12:30:00
2024020540,TBL,FLA,2024 December 22 17:00:00
2024020541,WSH,LAK,2024 December 22 17:00:00
2024020542,UTA,ANA,2024 December 22 17:00:00
2024020543,COL,SEA,2024 December 22 20:00:00
2024020544,EDM,OTT,2024 December 22 20:00:00
2024020545,NJD,NYR,2024 December 23 13:00:00
2024020546,TOR,WPG,2024 December 23 14:00:00
2024020547,BOS,WSH,2024 December 23 19:00:00
2024020548,DET,STL,2024 December 23 19:00:00
2024020549,FLA,TBL,2024 December 23 19:00:00
2024020550,PIT,PHI,2024 December 23 19:00:00
2024020551,CBJ,MTL,2024 December 23 19:00:00
2024020552,NYI,BUF,2024 December 23 19:30:00
2024020553,NSH,CAR,2024 December 23 20:00:00
2024020554,MIN,CHI,2024 December 23 20:00:00
2024020555,VAN,SJS,2024 December 23 21:00:00
2024020556,UTA,DAL,2024 December 23 21:00:00
2024020557,VGK,ANA,2024 December 23 22:00:00
2024020558,BUF,CHI,2024 December 27 19:00:00
2024020559,DET,TOR,2024 December 27 19:00:00
2024020560,NJD,CAR,2024 December 27 19:00:00
2024020561,CBJ,BOS,2024 December 27 19:00:00
2024020562,STL,NSH,2024 December 27 20:00:00
2024020563,DAL,MIN,2024 December 27 20:00:00
2024020564,UTA,COL,2024 December 27 21:30:00
2024020565,SJS,VGK,2024 December 27 22:30:00
2024020566,FLA,MTL,2024 December 28 13:00:00
2024020567,VAN,SEA,2024 December 28 16:00:00
2024020568,ANA,PHI,2024 December 28 16:00:00
2024020569,LAK,EDM,2024 December 28 16:00:00
2024020570,BOS,CBJ,2024 December 28 19:00:00
2024020571,TOR,WSH,2024 December 28 19:00:00
2024020572,TBL,NYR,2024 December 28 19:00:00
2024020573,CAR,NJD,2024 December 28 19:00:00
2024020574,WPG,OTT,2024 December 28 19:00:00
2024020575,NYI,PIT,2024 December 28 19:30:00
2024020576,SJS,CGY,2024 December 28 22:00:00
2024020577,CHI,DAL,2024 December 29 20:30:00
2024020578,ANA,EDM,2024 December 29 16:00:00
2024020579,DET,WSH,2024 December 29 17:00:00
2024020580,TBL,MTL,2024 December 29 17:00:00
2024020581,PIT,NYI,2024 December 29 17:30:00
2024020582,STL,BUF,2024 December 29 15:00:00
2024020583,MIN,OTT,2024 December 29 20:00:00
2024020584,VGK,CGY,2024 December 29 20:00:00
2024020585,LAK,PHI,2024 December 29 21:00:00
2024020586,FLA,NYR,2024 December 30 19:00:00
2024020587,WPG,NSH,2024 December 30 19:30:00
2024020588,SEA,UTA,2024 December 30 20:00:00
2024020589,WSH,BOS,2024 December 31 12:30:00
2024020590,TOR,NYI,2024 December 31 13:00:00
2024020591,VGK,MTL,2024 December 31 15:00:00
2024020592,CHI,STL,2024 December 31 17:00:00
2024020593,DET,PIT,2024 December 31 20:00:00
2024020594,CBJ,CAR,2024 December 31 20:00:00
2024020595,DAL,BUF,2024 December 31 20:00:00
2024020596,MIN,NSH,2024 December 31 20:00:00
2024020597,COL,WPG,2024 December 31 20:00:00
2024020598,ANA,NJD,2024 December 31 20:00:00
2024020599,SJS,PHI,2024 December 31 20:00:00
2024020600,CGY,VAN,2024 December 31 21:00:00
2024020601,EDM,UTA,2024 December 31 21:00:00
2024020602,LAK,NJD,2025 January 01 18:00:00
2024020603,FLA,CAR,2025 January 02 19:00:00
2024020604,NYR,BOS,2025 January 02 19:00:00
2024020605,WSH,MIN,2025 January 02 19:00:00
2024020606,CBJ,DET,2025 January 02 19:00:00
2024020607,NYI,TOR,2025 January 02 19:30:00
2024020608,DAL,OTT,2025 January 02 20:00:00
2024020609,WPG,ANA,2025 January 02 20:00:00
2024020610,COL,BUF,2025 January 02 21:00:00
2024020611,CGY,UTA,2025 January 02 21:00:00
2024020612,VGK,PHI,2025 January 02 22:00:00
2024020613,SEA,VAN,2025 January 02 22:00:00
2024020614,SJS,TBL,2025 January 02 22:30:00
2024020615,FLA,PIT,2025 January 03 19:00:00
2024020616,CHI,MTL,2025 January 03 20:00:00
2024020617,STL,OTT,2025 January 03 20:00:00
2024020618,EDM,ANA,2025 January 03 21:00:00
2024020619,VAN,NSH,2025 January 03 22:00:00
2024020620,WSH,NYR,2025 January 04 12:00:00
2024020621,WPG,DET,2025 January 04 19:00:00
2024020622,SJS,NJD,2025 January 04 16:00:00
2024020623,TOR,BOS,2025 January 04 19:00:00
2024020624,CAR,MIN,2025 January 04 19:00:00
2024020625,CBJ,STL,2025 January 04 19:00:00
2024020626,COL,MTL,2025 January 04 19:00:00
2024020627,CGY,NSH,2025 January 04 22:00:00
2024020628,DAL,UTA,2025 January 04 20:00:00
2024020629,LAK,TBL,2025 January 04 21:00:00
2024020630,VGK,BUF,2025 January 04 22:00:00
2024020631,SEA,EDM,2025 January 04 22:00:00
2024020632,CHI,NYR,2025 January 05 15:00:00
2024020633,BOS,NYI,2025 January 05 18:00:00
2024020634,CAR,PIT,2025 January 05 18:00:00
2024020635,TOR,PHI,2025 January 05 19:00:00
2024020636,ANA,TBL,2025 January 05 20:00:00
2024020637,BUF,WSH,2025 January 06 19:00:00
2024020638,MTL,VAN,2025 January 06 19:30:00
2024020639,COL,FLA,2025 January 06 21:00:00
2024020640,SEA,NJD,2025 January 06 22:00:00
2024020641,BOS,EDM,2025 January 07 19:00:00
2024020642,DET,OTT,2025 January 07 19:00:00
2024020643,NYR,DAL,2025 January 07 19:00:00
2024020644,PHI,TOR,2025 January 07 19:30:00
2024020645,PIT,CBJ,2025 January 07 19:00:00
2024020646,MIN,STL,2025 January 07 20:00:00
2024020647,WPG,NSH,2025 January 07 20:00:00
2024020648,ANA,CGY,2025 January 07 22:00:00
2024020649,SJS,VGK,2025 January 07 22:30:00
2024020650,WSH,VAN,2025 January 08 19:30:00
2024020651,CHI,COL,2025 January 08 19:30:00
2024020652,UTA,FLA,2025 January 08 22:00:00
2024020653,LAK,CGY,2025 April 17 21:30:00
2024020654,OTT,BUF,2025 January 09 19:00:00
2024020655,TBL,BOS,2025 January 09 19:00:00
2024020656,NYR,NJD,2025 January 09 19:00:00
2024020657,PHI,DAL,2025 January 09 19:00:00
2024020658,PIT,EDM,2025 January 09 19:00:00
2024020659,CAR,TOR,2025 January 09 19:30:00
2024020660,CBJ,SEA,2025 January 09 19:00:00
2024020661,STL,ANA,2025 January 09 20:00:00
2024020662,MIN,COL,2025 January 09 20:00:00
2024020663,VGK,NYI,2025 January 09 22:00:00
2024020664,DET,CHI,2025 January 10 19:00:00
2024020665,WSH,MTL,2025 January 10 19:00:00
2024020666,CAR,VAN,2025 January 10 19:00:00
2024020667,WPG,LAK,2025 January 10 20:00:00
2024020668,UTA,SJS,2025 January 10 21:00:00
2024020669,FLA,BOS,2025 January 11 13:00:00
2024020670,BUF,SEA,2025 January 11 16:00:00
2024020671,PIT,OTT,2025 January 11 16:00:00
2024020672,TOR,VAN,2025 January 11 19:00:00
2024020673,MTL,DAL,2025 January 11 19:00:00
2024020674,NJD,TBL,2025 January 11 19:00:00
2024020675,PHI,ANA,2025 January 11 19:00:00
2024020676,CHI,EDM,2025 January 11 19:00:00
2024020677,STL,CBJ,2025 January 11 19:00:00
2024020678,WPG,COL,2025 January 11 19:00:00
2024020679,NSH,WSH,2025 January 11 20:00:00
2024020680,UTA,NYI,2025 January 11 21:00:00
2024020681,CGY,LAK,2025 January 11 22:00:00
2024020682,VGK,NYR,2025 January 11 22:00:00
2024020683,SJS,MIN,2025 January 11 22:00:00
2024020684,DET,SEA,2025 January 12 15:00:00
2024020685,OTT,DAL,2025 January 12 17:00:00
2024020686,PIT,TBL,2025 January 12 17:00:00
2024020687,CAR,ANA,2025 January 12 17:00:00
2024020688,VGK,MIN,2025 January 12 20:00:00
2024020689,PHI,FLA,2025 January 13 19:00:00
2024020690,CHI,CGY,2025 January 13 19:30:00
2024020691,EDM,LAK,2025 January 13 21:30:00
2024020692,BOS,TBL,2025 January 14 19:00:00
2024020693,TOR,DAL,2025 January 14 19:00:00
2024020694,DET,SJS,2025 January 14 19:00:00
2024020695,NJD,FLA,2025 January 14 19:30:00
2024020696,PIT,SEA,2025 January 14 19:00:00
2024020697,WSH,ANA,2025 January 14 19:00:00
2024020698,CBJ,PHI,2025 January 14 19:00:00
2024020699,NYI,OTT,2025 January 14 19:30:00
2024020700,STL,CGY,2025 January 14 20:00:00
2024020701,NSH,VGK,2025 January 14 20:00:00
2024020702,WPG,VAN,2025 January 14 20:00:00
2024020703,COL,NYR,2025 January 14 21:00:00
2024020704,UTA,MTL,2025 January 14 21:00:00
2024020705,BUF,CAR,2025 January 15 18:00:00
2024020706,MIN,EDM,2025 January 15 20:30:00
2024020707,TOR,NJD,2025 January 16 19:00:00
2024020708,OTT,WSH,2025 January 16 19:00:00
2024020709,TBL,ANA,2025 January 16 19:00:00
2024020710,FLA,DET,2025 January 16 19:00:00
2024020711,CBJ,SJS,2025 January 16 19:00:00
2024020712,NYI,PHI,2025 January 16 19:30:00
2024020713,STL,CGY,2025 January 16 20:00:00
2024020714,NSH,CHI,2025 January 16 20:00:00
2024020715,DAL,MTL,2025 January 16 20:00:00
2024020716,WPG,SEA,2025 January 16 20:00:00
2024020717,UTA,NYR,2025 January 16 21:00:00
2024020718,COL,EDM,2025 January 16 21:30:00
2024020719,VAN,LAK,2025 January 16 22:00:00
2024020720,BUF,PIT,2025 January 17 19:00:00
2024020721,CAR,VGK,2025 January 17 19:00:00
2024020722,NJD,PHI,2025 January 18 12:30:00
2024020723,OTT,BOS,2025 January 18 15:00:00
2024020724,COL,DAL,2025 January 18 16:00:00
2024020725,FLA,ANA,2025 January 18 18:00:00
2024020726,MTL,TOR,2025 January 18 19:00:00
2024020727,TBL,DET,2025 January 18 19:00:00
2024020728,NYR,CBJ,2025 January 18 19:00:00
2024020729,WSH,PIT,2025 January 18 19:00:00
2024020730,WPG,CGY,2025 January 18 19:00:00
2024020731,NYI,SJS,2025 January 18 19:30:00
2024020732,CHI,VGK,2025 January 18 20:00:00
2024020733,NSH,MIN,2025 January 18 20:00:00
2024020734,UTA,STL,2025 January 18 21:00:00
2024020735,VAN,EDM,2025 January 18 22:00:00
2024020736,SEA,LAK,2025 January 18 22:00:00
2024020737,NJD,OTT,2025 January 19 13:00:00
2024020738,MTL,NYR,2025 January 19 19:00:00
2024020739,DAL,DET,2025 January 19 20:00:00
2024020740,BOS,SJS,2025 January 20 13:00:00
2024020741,COL,MIN,2025 January 20 15:00:00
2024020742,SEA,BUF,2025 January 20 16:00:00
2024020743,VGK,STL,2025 January 20 18:00:00
2024020744,TOR,TBL,2025 January 20 19:30:00
2024020745,NYI,CBJ,2025 January 20 19:30:00
2024020746,CHI,CAR,2025 January 20 20:30:00
2024020747,UTA,WPG,2025 January 20 21:30:00
2024020748,LAK,PIT,2025 January 20 22:30:00
2024020749,MTL,TBL,2025 January 21 19:00:00
2024020750,NYR,OTT,2025 January 21 19:00:00
2024020751,PHI,DET,2025 January 21 19:00:00
2024020752,NSH,SJS,2025 January 21 20:00:00
2024020753,DAL,CAR,2025 January 21 20:00:00
2024020754,EDM,WSH,2025 January 21 21:00:00
2024020755,VAN,BUF,2025 January 21 22:00:00
2024020756,ANA,FLA,2025 January 21 22:00:00
2024020757,TOR,CBJ,2025 January 22 19:30:00
2024020758,NJD,BOS,2025 January 22 19:00:00
2024020759,COL,WPG,2025 January 22 21:30:00
2024020760,LAK,FLA,2025 January 22 22:00:00
2024020761,BOS,OTT,2025 January 23 19:00:00
2024020762,DET,MTL,2025 January 23 19:00:00
2024020763,NYR,PHI,2025 January 23 19:00:00
2024020764,CAR,CBJ,2025 January 23 19:00:00
2024020765,STL,VGK,2025 January 23 20:00:00
2024020766,MIN,UTA,2025 January 23 20:00:00
2024020767,CGY,BUF,2025 January 23 21:00:00
2024020768,EDM,VAN,2025 January 23 21:00:00
2024020769,ANA,PIT,2025 January 23 22:00:00
2024020770,SEA,WSH,2025 January 23 22:00:00
2024020771,SJS,NSH,2025 January 23 22:30:00
2024020772,NYI,PHI,2025 January 24 19:30:00
2024020773,CHI,TBL,2025 January 24 20:00:00
2024020774,DAL,VGK,2025 January 24 19:30:00
2024020775,WPG,UTA,2025 January 24 20:00:00
2024020776,BOS,COL,2025 January 25 13:00:00
2024020777,EDM,BUF,2025 January 25 16:00:00
2024020778,SEA,PIT,2025 January 25 16:00:00
2024020779,MTL,NJD,2025 January 25 19:00:00
2024020780,OTT,TOR,2025 January 25 19:00:00
2024020781,DET,TBL,2025 January 25 19:00:00
2024020782,CBJ,LAK,2025 January 25 19:00:00
2024020783,STL,DAL,2025 January 25 19:00:00
2024020784,MIN,CGY,2025 January 25 19:00:00
2024020785,NYI,CAR,2025 January 25 19:30:00
2024020786,VAN,WSH,2025 January 25 22:00:00
2024020787,ANA,NSH,2025 January 25 22:00:00
2024020788,SJS,FLA,2025 January 25 22:00:00
2024020789,NYR,COL,2025 January 26 13:00:00
2024020790,OTT,UTA,2025 January 26 17:00:00
2024020791,WPG,CGY,2025 January 26 18:00:00
2024020792,CHI,MIN,2025 January 26 19:00:00
2024020793,VGK,FLA,2025 January 26 20:00:00
2024020794,DET,LAK,2025 January 27 19:00:00
2024020795,PHI,NJD,2025 January 27 19:00:00
2024020796,STL,VAN,2025 January 27 19:30:00
2024020797,EDM,SEA,2025 January 27 21:30:00
2024020798,SJS,PIT,2025 January 27 22:30:00
2024020799,BUF,BOS,2025 January 28 19:00:00
2024020800,MTL,WPG,2025 January 28 19:00:00
2024020801,TBL,CHI,2025 January 28 19:00:00
2024020802,NYR,CAR,2025 January 28 19:00:00
2024020803,NYI,COL,2025 January 28 19:30:00
2024020804,CGY,WSH,2025 January 28 21:00:00
2024020805,VGK,DAL,2025 January 28 22:00:00
2024020806,SEA,ANA,2025 January 28 22:00:00
2024020807,TOR,MIN,2025 January 29 19:00:00
2024020808,FLA,LAK,2025 January 29 19:00:00
2024020809,NJD,PHI,2025 January 29 19:00:00
2024020810,NSH,VAN,2025 January 29 21:00:00
2024020811,UTA,PIT,2025 January 29 21:30:00
2024020812,BOS,WPG,2025 January 30 19:00:00
2024020813,MTL,MIN,2025 January 30 19:00:00
2024020814,OTT,WSH,2025 January 30 19:00:00
2024020815,TBL,LAK,2025 January 30 19:00:00
2024020816,PHI,NYI,2025 January 30 19:30:00
2024020817,CAR,CHI,2025 January 30 19:00:00
2024020818,CGY,ANA,2025 January 30 21:00:00
2024020819,EDM,DET,2025 January 30 21:00:00
2024020820,VGK,CBJ,2025 January 30 22:00:00
2024020821,SEA,SJS,2025 January 30 22:30:00
2024020822,BUF,NSH,2025 January 31 19:00:00
2024020823,DAL,VAN,2025 January 31 20:00:00
2024020824,COL,STL,2025 January 31 21:00:00
2024020825,UTA,CBJ,2025 January 31 21:00:00
2024020826,FLA,CHI,2025 February 01 13:00:00
2024020827,BOS,NYR,2025 February 01 15:30:00
2024020828,OTT,MIN,2025 February 01 19:00:00
2024020829,TBL,NYI,2025 February 01 19:00:00
2024020830,PIT,NSH,2025 February 01 19:00:00
2024020831,WSH,WPG,2025 February 01 19:00:00
2024020832,CAR,LAK,2025 February 01 19:00:00
2024020833,EDM,TOR,2025 February 01 19:00:00
2024020834,CGY,DET,2025 February 01 22:00:00
2024020835,BUF,NJD,2025 February 02 13:00:00
2024020836,COL,PHI,2025 February 02 15:00:00
2024020837,ANA,MTL,2025 February 02 16:00:00
2024020838,FLA,NYI,2025 February 02 18:00:00
2024020839,NYR,VGK,2025 February 02 18:00:00
2024020840,DAL,CBJ,2025 February 02 18:00:00
2024020841,UTA,STL,2025 February 02 19:00:00
2024020842,VAN,DET,2025 February 02 20:00:00
2024020843,SEA,CGY,2025 February 02 21:00:00
2024020844,NSH,OTT,2025 February 03 19:30:00
2024020845,BOS,MIN,2025 February 04 19:00:00
2024020846,BUF,CBJ,2025 February 04 19:00:00
2024020847,TBL,OTT,2025 February 04 19:00:00
2024020848,PIT,NJD,2025 February 04 19:00:00
2024020849,WSH,FLA,2025 February 04 19:00:00
2024020850,NYI,VGK,2025 February 04 19:30:00
2024020851,STL,EDM,2025 February 04 20:00:00
2024020852,WPG,CAR,2025 February 04 20:00:00
2024020853,CGY,TOR,2025 February 04 21:00:00
2024020854,UTA,PHI,2025 February 04 21:00:00
2024020855,VAN,COL,2025 February 04 22:00:00
2024020856,ANA,DAL,2025 February 04 22:30:00
2024020857,SEA,DET,2025 February 04 22:00:00
2024020858,SJS,MTL,2025 February 04 22:30:00
2024020859,NYR,BOS,2025 February 05 19:00:00
2024020860,CHI,EDM,2025 February 05 21:30:00
2024020861,LAK,MTL,2025 February 05 22:30:00
2024020862,TBL,OTT,2025 February 06 19:00:00
2024020863,NJD,VGK,2025 February 06 19:00:00
2024020864,PHI,WSH,2025 February 06 19:00:00
2024020865,CBJ,UTA,2025 February 06 19:00:00
2024020866,STL,FLA,2025 February 06 20:00:00
2024020867,MIN,CAR,2025 February 06 19:30:00
2024020868,CGY,COL,2025 February 06 21:00:00
2024020869,SEA,TOR,2025 February 06 22:00:00
2024020870,SJS,VAN,2025 February 06 22:30:00
2024020871,NYR,PIT,2025 February 07 19:00:00
2024020872,WPG,NYI,2025 February 07 20:00:00
2024020873,CHI,NSH,2025 February 07 20:30:00
2024020874,EDM,COL,2025 February 07 21:00:00
2024020875,LAK,DAL,2025 February 07 22:30:00
2024020876,MTL,NJD,2025 February 08 13:00:00
2024020877,DET,TBL,2025 February 08 13:00:00
2024020878,CAR,UTA,2025 February 08 13:00:00
2024020879,BOS,VGK,2025 February 08 15:30:00
2024020880,FLA,OTT,2025 February 08 19:00:00
2024020881,PHI,PIT,2025 February 08 19:00:00
2024020882,CBJ,NYR,2025 February 08 19:00:00
2024020883,STL,CHI,2025 February 08 19:00:00
2024020884,VAN,TOR,2025 February 08 19:00:00
2024020885,NSH,BUF,2025 February 08 20:00:00
2024020886,MIN,NYI,2025 February 08 20:00:00
2024020887,CGY,SEA,2025 February 08 22:00:00
2024020888,LAK,ANA,2025 February 08 22:30:00
2024020889,SJS,DAL,2025 February 08 22:00:00
2024020890,WSH,UTA,2025 February 09 12:30:00
2024020891,MTL,TBL,2025 February 09 13:00:00
2024020892,PHI,EDM,2025 February 22 13:00:00
2024020893,PIT,WSH,2025 February 22 15:00:00
2024020894,DET,MIN,2025 February 22 12:30:00
2024020895,BUF,NYR,2025 February 22 17:30:00
2024020896,FLA,SEA,2025 February 22 18:00:00
2024020897,NJD,DAL,2025 February 22 18:00:00
2024020898,NSH,COL,2025 February 22 18:00:00
2024020899,BOS,ANA,2025 February 22 19:00:00
2024020900,TOR,CAR,2025 February 22 19:00:00
2024020901,OTT,MTL,2025 February 22 19:00:00
2024020902,CBJ,CHI,2025 February 22 19:00:00
2024020903,STL,WPG,2025 February 22 19:00:00
2024020904,LAK,UTA,2025 February 22 21:00:00
2024020905,VGK,VAN,2025 February 22 22:00:00
2024020906,WSH,EDM,2025 February 23 13:00:00
2024020907,PIT,NYR,2025 February 23 15:30:00
2024020908,DET,ANA,2025 February 23 18:00:00
2024020909,TBL,SEA,2025 February 23 18:00:00
2024020910,STL,COL,2025 February 23 18:00:00
2024020911,NSH,NJD,2025 February 23 18:00:00
2024020912,CHI,TOR,2025 February 23 19:00:00
2024020913,NYI,DAL,2025 February 23 19:30:00
2024020914,CGY,SJS,2025 February 23 20:00:00
2024020915,UTA,VAN,2025 February 23 20:00:00
2024020916,WPG,SJS,2025 February 24 19:30:00
2024020917,LAK,VGK,2025 February 24 22:30:00
2024020918,BOS,TOR,2025 February 25 19:00:00
2024020919,BUF,ANA,2025 February 25 19:00:00
2024020920,MTL,CAR,2025 February 25 19:00:00
2024020921,TBL,EDM,2025 February 25 19:30:00
2024020922,PHI,PIT,2025 February 25 19:00:00
2024020923,WSH,CGY,2025 February 25 19:00:00
2024020924,CBJ,DAL,2025 February 25 19:00:00
2024020925,NYI,NYR,2025 February 25 19:30:00
2024020926,STL,SEA,2025 February 25 20:00:00
2024020927,NSH,FLA,2025 February 25 20:00:00
2024020928,MIN,DET,2025 February 25 20:00:00
2024020929,UTA,CHI,2025 February 25 21:00:00
2024020930,OTT,WPG,2025 February 26 19:00:00
2024020931,COL,NJD,2025 February 26 21:30:00
2024020932,LAK,VAN,2025 February 26 22:00:00
2024020933,BOS,NYI,2025 February 27 19:00:00
2024020934,MTL,SJS,2025 February 27 19:00:00
2024020935,DET,CBJ,2025 February 27 19:00:00
2024020936,TBL,CGY,2025 February 27 19:00:00
2024020937,FLA,EDM,2025 February 27 19:00:00
2024020938,PIT,PHI,2025 February 27 19:30:00
2024020939,WSH,STL,2025 February 27 19:00:00
2024020940,CAR,BUF,2025 February 27 19:00:00
2024020941,NSH,WPG,2025 February 27 20:00:00
2024020942,UTA,MIN,2025 February 27 21:00:00
2024020943,VGK,CHI,2025 February 27 22:00:00
2024020944,ANA,VAN,2025 February 27 22:00:00
2024020945,NYR,TOR,2025 February 28 19:00:00
2024020946,DAL,LAK,2025 February 28 20:00:00
2024020947,COL,MIN,2025 February 28 21:00:00
2024020948,CBJ,DET,2025 March 01 18:00:00
2024020949,NYI,NSH,2025 March 01 12:30:00
2024020950,WSH,TBL,2025 March 01 12:30:00
2024020951,FLA,CGY,2025 March 01 15:00:00
2024020952,PIT,BOS,2025 March 01 15:00:00
2024020953,BUF,MTL,2025 March 01 19:00:00
2024020954,OTT,SJS,2025 March 01 19:00:00
2024020955,CAR,EDM,2025 March 01 19:00:00
2024020956,WPG,PHI,2025 March 01 19:00:00
2024020957,STL,LAK,2025 March 01 20:00:00
2024020958,UTA,NJD,2025 March 01 21:00:00
2024020959,ANA,CHI,2025 March 01 22:00:00
2024020960,SEA,VAN,2025 March 01 22:00:00
2024020961,PIT,TOR,2025 March 02 13:00:00
2024020962,MIN,BOS,2025 March 02 15:30:00
2024020963,CAR,CGY,2025 March 02 17:00:00
2024020964,DAL,STL,2025 March 02 18:00:00
2024020965,NYR,NSH,2025 March 02 19:00:00
2024020966,VGK,NJD,2025 March 02 20:00:00
2024020967,WSH,OTT,2025 March 03 18:30:00
2024020968,MTL,BUF,2025 March 03 19:00:00
2024020969,FLA,TBL,2025 March 03 19:00:00
2024020970,NYR,NYI,2025 March 03 19:00:00
2024020971,TOR,SJS,2025 March 03 19:30:00
2024020972,CHI,LAK,2025 March 03 20:30:00
2024020973,BOS,NSH,2025 March 04 19:00:00
2024020974,BUF,SJS,2025 March 04 19:00:00
2024020975,DET,CAR,2025 March 04 19:00:00
2024020976,TBL,CBJ,2025 March 04 19:00:00
2024020977,PHI,CGY,2025 March 04 19:00:00
2024020978,NYI,WPG,2025 March 04 19:30:00
2024020979,DAL,NJD,2025 March 04 20:00:00
2024020980,COL,PIT,2025 March 04 21:00:00
2024020981,EDM,ANA,2025 March 04 21:00:00
2024020982,SEA,MIN,2025 March 04 22:00:00
2024020983,NYR,WSH,2025 March 05 19:30:00
2024020984,CHI,OTT,2025 March 05 19:30:00
2024020985,VGK,TOR,2025 March 05 22:00:00
2024020986,VAN,ANA,2025 March 05 22:30:00
2024020987,LAK,STL,2025 March 05 22:30:00
2024020988,DET,UTA,2025 March 06 19:00:00
2024020989,TBL,BUF,2025 March 06 19:00:00
2024020990,FLA,CBJ,2025 March 06 19:00:00
2024020991,PHI,WPG,2025 March 06 19:00:00
2024020992,CAR,BOS,2025 March 06 19:00:00
2024020993,NSH,SEA,2025 March 06 20:00:00
2024020994,DAL,CGY,2025 March 06 20:00:00
2024020995,EDM,MTL,2025 March 06 21:00:00
2024020996,COL,SJS,2025 March 06 21:30:00
2024020997,NJD,WPG,2025 March 07 19:00:00
2024020998,WSH,DET,2025 March 07 19:00:00
2024020999,CHI,UTA,2025 March 07 20:30:00
2024021000,VAN,MIN,2025 March 07 22:00:00
2024021001,VGK,PIT,2025 March 07 22:00:00
2024021002,ANA,STL,2025 March 07 22:00:00
2024021003,OTT,NYR,2025 March 08 12:30:00
2024021004,PHI,SEA,2025 March 08 12:30:00
2024021005,TBL,BOS,2025 March 08 15:00:00
2024021006,FLA,BUF,2025 March 08 18:00:00
2024021007,COL,TOR,2025 March 08 19:00:00
2024021008,CGY,MTL,2025 March 08 19:00:00
2024021009,NSH,CHI,2025 March 08 20:00:00
2024021010,LAK,STL,2025 March 08 20:00:00
2024021011,EDM,DAL,2025 March 08 22:00:00
2024021012,SJS,NYI,2025 March 08 22:00:00
2024021013,PHI,NJD,2025 March 09 13:00:00
2024021014,WSH,SEA,2025 March 09 15:30:00
2024021015,MIN,PIT,2025 March 09 15:30:00
2024021016,CAR,WPG,2025 March 09 17:00:00
2024021017,NYR,CBJ,2025 March 09 18:00:00
2024021018,VGK,LAK,2025 March 09 20:00:00
2024021019,VAN,DAL,2025 March 09 21:00:00
2024021020,ANA,NYI,2025 March 09 21:00:00
2024021021,BUF,EDM,2025 March 10 19:00:00
2024021022,OTT,DET,2025 March 10 19:30:00
2024021023,COL,CHI,2025 March 10 21:00:00
2024021024,UTA,TOR,2025 March 10 22:00:00
2024021025,BOS,FLA,2025 March 11 19:00:00
2024021026,NJD,CBJ,2025 March 11 19:00:00
2024021027,PHI,OTT,2025 March 11 19:00:00
2024021028,PIT,VGK,2025 March 11 19:00:00
2024021029,CAR,TBL,2025 March 11 19:30:00
2024021030,MIN,COL,2025 March 11 20:00:00
2024021031,WPG,NYR,2025 March 11 20:00:00
2024021032,VAN,MTL,2025 March 11 22:00:00
2024021033,ANA,WSH,2025 March 11 22:00:00
2024021034,LAK,NYI,2025 March 11 22:30:00
2024021035,SJS,NSH,2025 March 11 22:30:00
2024021036,DET,BUF,2025 March 12 19:30:00
2024021037,CGY,VAN,2025 March 12 21:00:00
2024021038,UTA,ANA,2025 March 12 22:00:00
2024021039,SEA,MTL,2025 March 12 22:30:00
2024021040,TOR,FLA,2025 March 13 19:00:00
2024021041,OTT,BOS,2025 March 13 19:00:00
2024021042,NJD,EDM,2025 March 13 19:30:00
2024021043,PHI,TBL,2025 March 13 19:00:00
2024021044,PIT,STL,2025 March 13 19:00:00
2024021045,CBJ,VGK,2025 March 13 19:00:00
2024021046,MIN,NYR,2025 March 13 20:00:00
2024021047,LAK,WSH,2025 March 13 22:30:00
2024021048,SJS,CHI,2025 March 13 22:30:00
2024021049,CAR,DET,2025 March 14 19:00:00
2024021050,NYI,EDM,2025 March 14 19:30:00
2024021051,WPG,DAL,2025 March 14 20:00:00
2024021052,CGY,COL,2025 March 14 21:00:00
2024021053,ANA,NSH,2025 March 14 22:00:00
2024021054,SEA,UTA,2025 March 14 22:00:00
2024021055,BUF,VGK,2025 March 15 12:30:00
2024021056,PIT,NJD,2025 March 15 15:00:00
2024021057,SJS,WSH,2025 March 15 17:00:00
2024021058,BOS,TBL,2025 March 15 19:00:00
2024021059,TOR,OTT,2025 March 15 19:00:00
2024021060,MTL,FLA,2025 March 15 19:00:00
2024021061,PHI,CAR,2025 March 15 19:00:00
2024021062,CBJ,NYR,2025 March 15 19:00:00
2024021063,MIN,STL,2025 March 15 20:00:00
2024021064,LAK,NSH,2025 March 15 20:00:00
2024021065,VAN,CHI,2025 March 15 22:00:00
2024021066,DET,VGK,2025 March 16 13:00:00
2024021067,COL,DAL,2025 March 16 15:30:00
2024021068,STL,ANA,2025 March 16 20:00:00
2024021069,NYR,EDM,2025 March 16 19:00:00
2024021070,NYI,FLA,2025 March 16 19:30:00
2024021071,VAN,UTA,2025 March 16 20:00:00
2024021072,SEA,WPG,2025 March 16 21:00:00
2024021073,BOS,BUF,2025 March 17 19:00:00
2024021074,TBL,PHI,2025 March 17 19:00:00
2024021075,CBJ,NJD,2025 March 17 19:00:00
2024021076,TOR,CGY,2025 March 17 19:30:00
2024021077,MIN,LAK,2025 March 17 20:00:00
2024021078,MTL,OTT,2025 March 18 19:00:00
2024021079,NYR,CGY,2025 March 18 19:00:00
2024021080,PIT,NYI,2025 March 18 19:00:00
2024021081,WSH,DET,2025 March 18 19:00:00
2024021082,NSH,STL,2025 March 18 20:00:00
2024021083,DAL,ANA,2025 March 18 20:00:00
2024021084,CHI,SEA,2025 March 18 20:30:00
2024021085,EDM,UTA,2025 March 18 21:00:00
2024021086,VAN,WPG,2025 March 18 22:00:00
2024021087,TOR,COL,2025 March 19 19:00:00
2024021088,MIN,SEA,2025 March 19 21:30:00
2024021089,OTT,COL,2025 March 20 19:00:00
2024021090,NJD,CGY,2025 March 20 19:00:00
2024021091,NYR,TOR,2025 March 20 19:00:00
2024021092,WSH,PHI,2025 March 20 19:00:00
2024021093,CBJ,FLA,2025 March 20 19:00:00
2024021094,NYI,MTL,2025 March 20 19:30:00
2024021095,STL,VAN,2025 March 20 19:30:00
2024021096,NSH,ANA,2025 March 20 20:00:00
2024021097,DAL,TBL,2025 March 20 20:00:00
2024021098,CHI,LAK,2025 March 20 20:30:00
2024021099,EDM,WPG,2025 March 20 21:00:00
2024021100,UTA,BUF,2025 March 20 21:00:00
2024021101,VGK,BOS,2025 March 20 22:00:00
2024021102,SJS,CAR,2025 March 20 22:30:00
2024021103,PIT,CBJ,2025 March 21 19:00:00
2024021104,NYR,VAN,2025 March 22 13:00:00
2024021105,DAL,PHI,2025 March 22 14:00:00
2024021106,MIN,BUF,2025 March 22 14:00:00
2024021107,STL,CHI,2025 March 22 15:00:00
2024021108,NYI,CGY,2025 March 22 16:00:00
2024021109,LAK,CAR,2025 March 22 16:00:00
2024021110,WSH,FLA,2025 March 22 17:00:00
2024021111,UTA,TBL,2025 March 22 17:00:00
2024021112,MTL,COL,2025 March 22 19:00:00
2024021113,NJD,OTT,2025 March 22 19:00:00
2024021114,NSH,TOR,2025 March 22 19:00:00
2024021115,VGK,DET,2025 March 22 20:00:00
2024021116,EDM,SEA,2025 March 22 22:00:00
2024021117,SJS,BOS,2025 March 22 22:30:00
2024021118,CHI,PHI,2025 March 23 15:00:00
2024021119,WPG,BUF,2025 March 23 15:00:00
2024021120,FLA,PIT,2025 March 23 18:00:00
2024021121,STL,NSH,2025 March 23 18:00:00
2024021122,VGK,TBL,2025 March 23 20:00:00
2024021123,ANA,CAR,2025 March 23 20:00:00
2024021124,LAK,BOS,2025 March 23 21:00:00
2024021125,NJD,VAN,2025 March 24 19:30:00
2024021126,NYI,CBJ,2025 March 24 19:30:00
2024021127,DAL,MIN,2025 March 24 20:00:00
2024021128,UTA,DET,2025 March 24 21:00:00
2024021129,BUF,OTT,2025 March 25 19:00:00
2024021130,TOR,PHI,2025 March 25 19:00:00
2024021131,TBL,PIT,2025 March 25 19:00:00
2024021132,CAR,NSH,2025 March 25 19:00:00
2024021133,STL,MTL,2025 March 25 20:00:00
2024021134,MIN,VGK,2025 March 25 20:00:00
2024021135,WPG,WSH,2025 March 25 20:00:00
2024021136,COL,DET,2025 March 25 21:00:00
2024021137,CGY,SEA,2025 March 25 21:00:00
2024021138,LAK,NYR,2025 March 25 22:30:00
2024021139,NYI,VAN,2025 March 26 19:30:00
2024021140,CHI,NJD,2025 March 26 19:30:00
2024021141,EDM,DAL,2025 March 26 22:00:00
2024021142,ANA,BOS,2025 March 26 22:00:00
2024021143,BUF,PIT,2025 March 27 19:00:00
2024021144,DET,OTT,2025 March 27 19:00:00
2024021145,TBL,UTA,2025 March 27 19:00:00
2024021146,PHI,MTL,2025 March 27 19:00:00
2024021147,NSH,STL,2025 March 27 20:00:00
2024021148,MIN,WSH,2025 March 27 19:30:00
2024021149,COL,LAK,2025 March 27 22:00:00
2024021150,CGY,DAL,2025 March 27 21:00:00
2024021151,SEA,EDM,2025 March 27 22:00:00
2024021152,SJS,TOR,2025 March 27 22:30:00
2024021153,FLA,UTA,2025 March 28 19:00:00
2024021154,CAR,MTL,2025 March 28 19:00:00
2024021155,CBJ,VAN,2025 March 28 19:00:00
2024021156,WPG,NJD,2025 March 28 20:00:00
2024021157,CHI,VGK,2025 March 28 20:30:00
2024021158,ANA,NYR,2025 March 28 22:00:00
2024021159,PHI,BUF,2025 March 29 13:00:00
2024021160,TBL,NYI,2025 March 29 14:00:00
2024021161,COL,STL,2025 March 29 16:30:00
2024021162,MIN,NJD,2025 March 29 18:00:00
2024021163,NSH,VGK,2025 March 29 18:30:00
2024021164,OTT,CBJ,2025 March 29 19:00:00
2024021165,LAK,TOR,2025 March 29 19:00:00
2024021166,DET,BOS,2025 March 29 20:00:00
2024021167,EDM,CGY,2025 March 29 22:00:00
2024021168,SJS,NYR,2025 March 29 22:30:00
2024021169,SEA,DAL,2025 March 29 22:30:00
2024021170,FLA,MTL,2025 March 30 13:00:00
2024021171,WSH,BUF,2025 March 30 15:00:00
2024021172,WPG,VAN,2025 March 30 15:00:00
2024021173,CHI,UTA,2025 March 30 16:00:00
2024021174,PIT,OTT,2025 March 30 17:00:00
2024021175,CAR,NYI,2025 March 30 17:00:00
2024021176,ANA,TOR,2025 March 30 20:00:00
2024021177,LAK,SJS,2025 March 30 22:00:00
2024021178,NJD,MIN,2025 March 31 19:00:00
2024021179,PHI,NSH,2025 March 31 19:00:00
2024021180,COL,CGY,2025 March 31 20:30:00
2024021181,SEA,DAL,2025 March 31 22:00:00
2024021182,BOS,WSH,2025 April 01 19:00:00
2024021183,MTL,FLA,2025 April 01 19:00:00
2024021184,OTT,BUF,2025 April 01 19:00:00
2024021185,CBJ,NSH,2025 April 01 19:00:00
2024021186,NYI,TBL,2025 April 01 19:30:00
2024021187,STL,DET,2025 April 01 20:00:00
2024021188,UTA,CGY,2025 April 01 21:00:00
2024021189,VGK,EDM,2025 April 01 22:00:00
2024021190,ANA,SJS,2025 April 01 22:00:00
2024021191,LAK,WPG,2025 April 01 22:30:00
2024021192,NYR,MIN,2025 April 02 19:00:00
2024021193,CAR,WSH,2025 April 02 19:00:00
2024021194,TOR,FLA,2025 April 02 19:30:00
2024021195,CHI,COL,2025 April 02 21:30:00
2024021196,VAN,SEA,2025 April 02 22:30:00
2024021197,MTL,BOS,2025 April 03 19:00:00
2024021198,OTT,TBL,2025 April 03 19:00:00
2024021199,CBJ,COL,2025 April 03 19:30:00
2024021200,STL,PIT,2025 April 03 20:00:00
2024021201,DAL,NSH,2025 April 03 20:00:00
2024021202,UTA,LAK,2025 April 03 21:00:00
2024021203,CGY,ANA,2025 April 03 21:30:00
2024021204,VGK,WPG,2025 April 03 22:00:00
2024021205,SJS,EDM,2025 April 03 22:30:00
2024021206,DET,CAR,2025 April 04 19:00:00
2024021207,WSH,CHI,2025 April 04 19:00:00
2024021208,NYI,MIN,2025 April 04 19:30:00
2024021209,NJD,NYR,2025 April 05 12:30:00
2024021210,OTT,FLA,2025 April 05 14:00:00
2024021211,DAL,PIT,2025 April 05 15:00:00
2024021212,VAN,ANA,2025 April 05 16:00:00
2024021213,LAK,EDM,2025 April 05 16:00:00
2024021214,BOS,CAR,2025 April 05 19:00:00
2024021215,BUF,TBL,2025 April 05 19:00:00
2024021216,TOR,CBJ,2025 April 05 19:00:00
2024021217,MTL,PHI,2025 April 05 19:00:00
2024021218,STL,COL,2025 April 05 19:00:00
2024021219,UTA,WPG,2025 April 05 19:00:00
2024021220,CGY,VGK,2025 April 05 22:00:00
2024021221,SJS,SEA,2025 April 05 22:00:00
2024021222,NYI,WSH,2025 April 06 12:30:00
2024021223,MIN,DAL,2025 April 06 15:00:00
2024021224,OTT,CBJ,2025 April 06 17:00:00
2024021225,DET,FLA,2025 April 06 17:30:00
2024021226,BUF,BOS,2025 April 06 18:00:00
2024021227,CHI,PIT,2025 April 06 18:00:00
2024021228,NSH,MTL,2025 April 06 19:00:00
2024021229,VAN,VGK,2025 April 06 22:00:00
2024021230,NYR,TBL,2025 April 07 19:00:00
2024021231,WPG,STL,2025 April 07 19:30:00
2024021232,ANA,EDM,2025 April 07 22:30:00
2024021233,LAK,SEA,2025 April 07 22:30:00
2024021234,SJS,CGY,2025 April 07 22:30:00
2024021235,BUF,CAR,2025 April 08 19:00:00
2024021236,MTL,DET,2025 April 08 19:00:00
2024021237,FLA,TOR,2025 April 08 19:00:00
2024021238,NJD,BOS,2025 April 08 19:00:00
2024021239,CBJ,OTT,2025 April 08 19:00:00
2024021240,PIT,CHI,2025 April 08 19:00:00
2024021241,NSH,NYI,2025 April 08 20:00:00
2024021242,DAL,VAN,2025 April 08 20:00:00
2024021243,UTA,SEA,2025 April 08 21:00:00
2024021244,COL,VGK,2025 April 08 21:30:00
2024021245,TBL,TOR,2025 April 09 19:00:00
2024021246,NYR,PHI,2025 April 09 19:30:00
2024021247,MIN,SJS,2025 April 09 20:00:00
2024021248,EDM,STL,2025 April 09 22:00:00
2024021249,ANA,CGY,2025 April 09 22:00:00
2024021250,BOS,CHI,2025 April 10 19:00:00
2024021251,FLA,DET,2025 April 10 19:00:00
2024021252,WSH,CAR,2025 April 10 19:30:00
2024021253,CBJ,BUF,2025 April 10 19:00:00
2024021254,NYI,NYR,2025 April 10 19:30:00
2024021255,DAL,WPG,2025 April 10 20:00:00
2024021256,COL,VAN,2025 April 10 21:00:00
2024021257,UTA,NSH,2025 April 10 21:00:00
2024021258,VGK,SEA,2025 April 10 22:00:00
2024021259,LAK,ANA,2025 April 10 22:00:00
2024021260,OTT,MTL,2025 April 11 19:00:00
2024021261,TBL,DET,2025 April 11 19:00:00
2024021262,NJD,PIT,2025 April 11 19:00:00
2024021263,EDM,SJS,2025 April 11 21:30:00
2024021264,CGY,MIN,2025 April 11 22:00:00
2024021265,PHI,NYI,2025 April 12 12:30:00
2024021266,CAR,NYR,2025 April 12 15:00:00
2024021267,LAK,COL,2025 April 12 16:00:00
2024021268,FLA,BUF,2025 April 12 18:00:00
2024021269,TOR,MTL,2025 April 12 19:00:00
2024021270,CBJ,WSH,2025 April 12 12:30:00
2024021271,CHI,WPG,2025 April 12 19:00:00
2024021272,DAL,UTA,2025 April 12 20:00:00
2024021273,VAN,MIN,2025 April 12 22:00:00
2024021274,VGK,NSH,2025 April 12 22:00:00
2024021275,SEA,STL,2025 April 12 22:00:00
2024021276,OTT,PHI,2025 April 13 13:00:00
2024021277,NJD,NYI,2025 April 13 13:00:00
2024021278,PIT,BOS,2025 April 13 15:30:00
2024021279,CAR,TOR,2025 April 13 17:00:00
2024021280,TBL,BUF,2025 April 13 18:00:00
2024021281,WSH,CBJ,2025 April 13 18:00:00
2024021282,WPG,EDM,2025 April 13 19:00:00
2024021283,CGY,SJS,2025 April 13 20:00:00
2024021284,ANA,COL,2025 April 13 22:00:00
2024021285,MTL,CHI,2025 April 14 19:00:00
2024021286,DET,DAL,2025 April 14 19:00:00
2024021287,FLA,NYR,2025 April 14 19:00:00
2024021288,NSH,UTA,2025 April 14 20:00:00
2024021289,EDM,LAK,2025 April 14 22:00:00
2024021290,VAN,SJS,2025 April 14 22:00:00
2024021291,BOS,NJD,2025 April 15 19:00:00
2024021292,BUF,TOR,2025 April 15 19:00:00
2024021293,OTT,CHI,2025 April 15 19:00:00
2024021294,TBL,FLA,2025 April 15 19:30:00
2024021295,PHI,CBJ,2025 April 15 19:00:00
2024021296,NYI,WSH,2025 April 15 19:30:00
2024021297,STL,UTA,2025 April 15 20:00:00
2024021298,MIN,ANA,2025 April 15 20:00:00
2024021299,CGY,VGK,2025 April 15 21:00:00
2024021300,SEA,LAK,2025 April 15 22:30:00
2024021301,MTL,CAR,2025 April 16 19:00:00
2024021302,WPG,ANA,2025 April 16 19:00:00
2024021303,NJD,DET,2025 April 16 19:30:00
2024021304,NSH,DAL,2025 April 16 20:00:00
2024021305,VAN,VGK,2025 April 16 22:00:00
2024021306,SJS,EDM,2025 April 16 22:30:00
2024021307,BUF,PHI,2025 April 17 19:00:00
2024021308,TOR,DET,2025 April 17 19:00:00
2024021309,OTT,CAR,2025 April 17 19:00:00
2024021310,NYR,TBL,2025 April 17 19:00:00
2024021311,PIT,WSH,2025 April 17 19:00:00
2024021312,CBJ,NYI,2025 April 17 19:00:00
2024030111,TOR,OTT,2025 April 20 19:00:00
2024030112,TOR,OTT,2025 April 22 19:30:00
2024030113,OTT,TOR,2025 April 24 19:00:00
2024030114,OTT,TOR,2025 April 26 19:00:00
2024030115,TOR,OTT,2025 April 29 19:00:00
2024030116,OTT,TOR,2025 May 01 19:00:00
2024030121,TBL,FLA,2025 April 22 20:30:00
2024030122,TBL,FLA,2025 April 24 18:30:00
2024030123,FLA,TBL,2025 April 26 13:00:00
2024030124,FLA,TBL,2025 April 28 19:00:00
2024030125,TBL,FLA,2025 April 30 19:30:00
2024030131,WSH,MTL,2025 April 21 19:00:00
2024030132,WSH,MTL,2025 April 23 19:00:00
2024030133,MTL,WSH,2025 April 25 19:00:00
2024030134,MTL,WSH,2025 April 27 18:30:00
2024030135,WSH,MTL,2025 April 30 19:00:00
2024030141,CAR,NJD,2025 April 20 15:00:00
2024030142,CAR,NJD,2025 April 22 18:00:00
2024030143,NJD,CAR,2025 April 25 20:00:00
2024030144,NJD,CAR,2025 April 27 15:30:00
2024030145,CAR,NJD,2025 April 29 19:30:00
2024030151,WPG,STL,2025 April 19 18:00:00
2024030152,WPG,STL,2025 April 21 19:30:00
2024030153,STL,WPG,2025 April 24 21:30:00
2024030154,STL,WPG,2025 April 27 13:00:00
2024030155,WPG,STL,2025 April 30 21:30:00
2024030156,STL,WPG,2025 May 02 20:00:00
2024030157,WPG,STL,2025 May 04 19:00:00
2024030161,DAL,COL,2025 April 19 20:30:00
2024030162,DAL,COL,2025 April 21 21:30:00
2024030163,COL,DAL,2025 April 23 21:30:00
2024030164,COL,DAL,2025 April 26 21:30:00
2024030165,DAL,COL,2025 April 28 21:30:00
2024030166,COL,DAL,2025 May 01 21:30:00
2024030167,DAL,COL,2025 May 03 20:00:00
2024030171,VGK,MIN,2025 April 20 22:00:00
2024030172,VGK,MIN,2025 April 22 23:00:00
2024030173,MIN,VGK,2025 April 24 21:00:00
2024030174,MIN,VGK,2025 April 26 16:00:00
2024030175,VGK,MIN,2025 April 29 21:30:00
2024030176,MIN,VGK,2025 May 01 19:30:00
2024030181,LAK,EDM,2025 April 21 22:00:00
2024030182,LAK,EDM,2025 April 23 22:00:00
2024030183,EDM,LAK,2025 April 25 22:00:00
2024030184,EDM,LAK,2025 April 27 21:30:00
2024030185,LAK,EDM,2025 April 29 22:00:00
2024030186,EDM,LAK,2025 May 01 22:00:00
2024030211,TOR,FLA,2025 May 05 20:00:00
2024030212,TOR,FLA,2025 May 07 19:00:00
2024030213,FLA,TOR,2025 May 09 19:00:00
2024030214,FLA,TOR,2025 May 11 19:30:00
2024030215,TOR,FLA,2025 May 14 19:00:00
2024030216,FLA,TOR,2025 May 16 20:00:00
2024030217,TOR,FLA,2025 May 18 19:30:00
2024030221,WSH,CAR,2025 May 06 19:00:00
2024030222,WSH,CAR,2025 May 08 19:00:00
2024030223,CAR,WSH,2025 May 10 18:00:00
2024030224,CAR,WSH,2025 May 12 19:00:00
2024030225,WSH,CAR,2025 May 15 19:00:00
2024030231,WPG,DAL,2025 May 07 21:30:00
2024030232,WPG,DAL,2025 May 09 21:30:00
2024030233,DAL,WPG,2025 May 11 16:30:00
2024030234,DAL,WPG,2025 May 13 20:00:00
2024030235,WPG,DAL,2025 May 15 21:30:00
2024030236,DAL,WPG,2025 May 17 20:00:00
2024030241,VGK,EDM,2025 May 06 21:30:00
2024030242,VGK,EDM,2025 May 08 21:30:00
2024030243,EDM,VGK,2025 May 10 21:00:00
2024030244,EDM,VGK,2025 May 12 21:30:00
2024030245,VGK,EDM,2025 May 14 21:30:00
2024030311,CAR,FLA,2025 May 20 20:00:00
2024030312,CAR,FLA,2025 May 22 20:00:00
2024030313,FLA,CAR,2025 May 24 20:00:00
2024030314,FLA,CAR,2025 May 26 20:00:00
2024030315,CAR,FLA,2025 May 28 20:00:00
2024030316,FLA,CAR,2025 May 30 20:00:00
2024030317,CAR,FLA,2025 June 01 20:00:00
2024030321,DAL,EDM,2025 May 21 20:00:00
2024030322,DAL,EDM,2025 May 23 20:00:00
2024030323,EDM,DAL,2025 May 25 15:00:00
2024030324,EDM,DAL,2025 May 27 20:00:00
2024030325,DAL,EDM,2025 May 29 20:00:00
2024030326,EDM,DAL,2025 May 31 20:00:00
2024030327,DAL,EDM,2025 June 02 20:00:00
